model,idx,name,op_kind,tier,ops,M,N,K,B,dims_raw
MLP-Wide,0,elementwise_256_f32xi8,elementwise,elementwise,256,,,,,n=256
MLP-Wide,1,matmul_like_16x32x16_i8xi8xi32,matmul,encoding_resolver,16384,16,32,16,,"M=16,N=32,K=16"
MLP-Wide,2,matmul_like_16x32x32_i8xi8xi32,matmul,encoding_resolver,32768,16,32,32,,"M=16,N=32,K=32"
MLP-Wide,3,matmul_like_16x16x32_i8xi8xi32,matmul,encoding_resolver,16384,16,16,32,,"M=16,N=16,K=32"
MLP-Wide,4,elementwise_256_i8xf32,elementwise,elementwise,256,,,,,n=256
Large MLP,0,elementwise_65536_f32xi8,elementwise,elementwise,65536,,,,,n=65536
Large MLP,1,matmul_like_128x2048x512_i8xi8xi32,matmul,encoding_resolver,268435456,128,2048,512,,"M=128,N=2048,K=512"
Large MLP,2,matmul_like_128x2048x2048_i8xi8xi32,matmul,encoding_resolver,1073741824,128,2048,2048,,"M=128,N=2048,K=2048"
Large MLP,3,matmul_like_128x2048x2048_i8xi8xi32,matmul,encoding_resolver,1073741824,128,2048,2048,,"M=128,N=2048,K=2048"
Large MLP,4,matmul_like_128x128x2048_i8xi8xi32,matmul,encoding_resolver,67108864,128,128,2048,,"M=128,N=128,K=2048"
Large MLP,5,elementwise_16384_i8xf32,elementwise,elementwise,16384,,,,,n=16384
ViT,0,elementwise_100352_f32xi8,elementwise,elementwise,100352,,,,,n=100352
ViT,1,reduction_196x512_f32,reduction,reduction,100156,,,,,"d0=196,d1=512"
ViT,2,reduction_196x512_f32,reduction,reduction,100156,,,,,"d0=196,d1=512"
ViT,3,elementwise_broadcast_196x786432_i8,elementwise,elementwise,196,,,,,n=196
ViT,4,batch_matmul_196x1x1536x512_i8xi8xi32,batch_matmul,opu_mmt4d,308281344,1,1536,512,196,"B=196,M=1,N=1536,K=512"
ViT,5,elementwise_301056_i32xi8,elementwise,elementwise,301056,,,,,n=301056
ViT,6,elementwise_broadcast_100352_i8,elementwise,elementwise,100352,,,,,n=100352
ViT,7,elementwise_broadcast_100352_f32xi8,elementwise,elementwise,100352,,,,,n=100352
ViT,8,elementwise_broadcast_100352_f32xi8,elementwise,elementwise,100352,,,,,n=100352
ViT,9,batch_matmul_8x196x196x64_i8xi8xi32,batch_matmul,opu_mmt4d,39337984,196,196,64,8,"B=8,M=196,N=196,K=64"
ViT,10,softmax_8x196x196xf32_generic,softmax,reduction,1536640,,,,,"d0=8,d1=196,d2=196"
ViT,11,batch_matmul_8x196x64x196_i8xi8xi32,batch_matmul,opu_mmt4d,39337984,196,64,196,8,"B=8,M=196,N=64,K=196"
ViT,12,matmul_196x512x512_i8xi8xi32,matmul,encoding_resolver,102760448,196,512,512,,"M=196,N=512,K=512"
ViT,13,elementwise_100352_i8xf32,elementwise,elementwise,100352,,,,,n=100352
ViT,14,reduction_196x512_f32,reduction,reduction,100156,,,,,"d0=196,d1=512"
ViT,15,reduction_196x512_f32,reduction,reduction,100156,,,,,"d0=196,d1=512"
ViT,16,batch_matmul_1x196x2048x512_i8xi8xi32,batch_matmul,opu_mmt4d,411041792,196,2048,512,1,"B=1,M=196,N=2048,K=512"
ViT,17,batch_matmul_1x196x512x2048_i8xi8xi32,batch_matmul,opu_mmt4d,411041792,196,512,2048,1,"B=1,M=196,N=512,K=2048"
ViT,18,reduction_196x512_f32,reduction,reduction,100156,,,,,"d0=196,d1=512"
ViT,19,reduction_196x512_f32,reduction,reduction,100156,,,,,"d0=196,d1=512"
ViT,22,elementwise_301056_i32xi8,elementwise,elementwise,301056,,,,,n=301056
ViT,24,elementwise_broadcast_100352_f32xi8,elementwise,elementwise,100352,,,,,n=100352
ViT,25,elementwise_broadcast_100352_f32xi8,elementwise,elementwise,100352,,,,,n=100352
ViT,26,batch_matmul_8x196x196x64_i8xi8xi32,batch_matmul,opu_mmt4d,39337984,196,196,64,8,"B=8,M=196,N=196,K=64"
ViT,27,softmax_8x196x196xf32_generic,softmax,reduction,1536640,,,,,"d0=8,d1=196,d2=196"
ViT,28,batch_matmul_8x196x64x196_i8xi8xi32,batch_matmul,opu_mmt4d,39337984,196,64,196,8,"B=8,M=196,N=64,K=196"
ViT,29,matmul_196x512x512_i8xi8xi32,matmul,encoding_resolver,102760448,196,512,512,,"M=196,N=512,K=512"
ViT,30,elementwise_100352_i8xf32,elementwise,elementwise,100352,,,,,n=100352
ViT,31,reduction_196x512_f32,reduction,reduction,100156,,,,,"d0=196,d1=512"
ViT,32,reduction_196x512_f32,reduction,reduction,100156,,,,,"d0=196,d1=512"
ViT,33,batch_matmul_1x196x2048x512_i8xi8xi32,batch_matmul,opu_mmt4d,411041792,196,2048,512,1,"B=1,M=196,N=2048,K=512"
ViT,34,batch_matmul_1x196x512x2048_i8xi8xi32,batch_matmul,opu_mmt4d,411041792,196,512,2048,1,"B=1,M=196,N=512,K=2048"
ViT,35,elementwise_broadcast_512_i8,elementwise,elementwise,512,,,,,n=512
ViT,36,matmul_1x16x512_i8xi8xi32,matmul,encoding_resolver,16384,1,16,512,,"M=1,N=16,K=512"
ViT,37,elementwise_16_i8xf32,elementwise,elementwise,16,,,,,n=16
Hybrid CNN+Trf,0,elementwise_3x64x64_f32xi8,elementwise,elementwise,3,,,,,n=3
Hybrid CNN+Trf,1,conv_64x32x32x3x3x3_i8xi8xi32,conv,conv_direct,3538944,,,,,"d0=64,d1=32,d2=32,d3=3,d4=3,d5=3"
Hybrid CNN+Trf,2,conv_128x16x16x64x3x3_i8xi8xi32,conv,conv_direct,37748736,,,,,"d0=128,d1=16,d2=16,d3=64,d4=3,d5=3"
Hybrid CNN+Trf,3,reduction_256x128_f32,reduction,reduction,32512,,,,,"d0=256,d1=128"
Hybrid CNN+Trf,4,reduction_256x128_f32,reduction,reduction,32512,,,,,"d0=256,d1=128"
Hybrid CNN+Trf,5,elementwise_broadcast_256x49152_i8,elementwise,elementwise,256,,,,,n=256
Hybrid CNN+Trf,6,batch_matmul_256x1x384x128_i8xi8xi32,batch_matmul,opu_mmt4d,25165824,1,384,128,256,"B=256,M=1,N=384,K=128"
Hybrid CNN+Trf,7,elementwise_98304_i32xi8,elementwise,elementwise,98304,,,,,n=98304
Hybrid CNN+Trf,8,elementwise_broadcast_32768_i8,elementwise,elementwise,32768,,,,,n=32768
Hybrid CNN+Trf,9,elementwise_broadcast_32768_f32xi8,elementwise,elementwise,32768,,,,,n=32768
Hybrid CNN+Trf,10,elementwise_broadcast_32768_f32xi8,elementwise,elementwise,32768,,,,,n=32768
Hybrid CNN+Trf,11,batch_matmul_4x256x256x32_i8xi8xi32,batch_matmul,opu_mmt4d,16777216,256,256,32,4,"B=4,M=256,N=256,K=32"
Hybrid CNN+Trf,12,softmax_4x256x256xf32_generic,softmax,reduction,1310720,,,,,"d0=4,d1=256,d2=256"
Hybrid CNN+Trf,13,batch_matmul_4x256x32x256_i8xi8xi32,batch_matmul,opu_mmt4d,16777216,256,32,256,4,"B=4,M=256,N=32,K=256"
Hybrid CNN+Trf,14,matmul_256x128x128_i8xi8xi32,matmul,encoding_resolver,8388608,256,128,128,,"M=256,N=128,K=128"
Hybrid CNN+Trf,15,elementwise_32768_i8xf32,elementwise,elementwise,32768,,,,,n=32768
Hybrid CNN+Trf,16,reduction_256x128_f32,reduction,reduction,32512,,,,,"d0=256,d1=128"
Hybrid CNN+Trf,17,reduction_256x128_f32,reduction,reduction,32512,,,,,"d0=256,d1=128"
Hybrid CNN+Trf,18,batch_matmul_1x256x512x128_i8xi8xi32,batch_matmul,opu_mmt4d,33554432,256,512,128,1,"B=1,M=256,N=512,K=128"
Hybrid CNN+Trf,19,batch_matmul_1x256x128x512_i8xi8xi32,batch_matmul,opu_mmt4d,33554432,256,128,512,1,"B=1,M=256,N=128,K=512"
Hybrid CNN+Trf,20,reduction_256x128_f32,reduction,reduction,32512,,,,,"d0=256,d1=128"
Hybrid CNN+Trf,21,reduction_256x128_f32,reduction,reduction,32512,,,,,"d0=256,d1=128"
Hybrid CNN+Trf,24,elementwise_98304_i32xi8,elementwise,elementwise,98304,,,,,n=98304
Hybrid CNN+Trf,26,elementwise_broadcast_32768_f32xi8,elementwise,elementwise,32768,,,,,n=32768
Hybrid CNN+Trf,27,elementwise_broadcast_32768_f32xi8,elementwise,elementwise,32768,,,,,n=32768
Hybrid CNN+Trf,28,batch_matmul_4x256x256x32_i8xi8xi32,batch_matmul,opu_mmt4d,16777216,256,256,32,4,"B=4,M=256,N=256,K=32"
Hybrid CNN+Trf,29,softmax_4x256x256xf32_generic,softmax,reduction,1310720,,,,,"d0=4,d1=256,d2=256"
Hybrid CNN+Trf,30,batch_matmul_4x256x32x256_i8xi8xi32,batch_matmul,opu_mmt4d,16777216,256,32,256,4,"B=4,M=256,N=32,K=256"
Hybrid CNN+Trf,31,matmul_256x128x128_i8xi8xi32,matmul,encoding_resolver,8388608,256,128,128,,"M=256,N=128,K=128"
Hybrid CNN+Trf,32,elementwise_32768_i8xf32,elementwise,elementwise,32768,,,,,n=32768
Hybrid CNN+Trf,33,reduction_256x128_f32,reduction,reduction,32512,,,,,"d0=256,d1=128"
Hybrid CNN+Trf,34,reduction_256x128_f32,reduction,reduction,32512,,,,,"d0=256,d1=128"
Hybrid CNN+Trf,35,batch_matmul_1x256x512x128_i8xi8xi32,batch_matmul,opu_mmt4d,33554432,256,512,128,1,"B=1,M=256,N=512,K=128"
Hybrid CNN+Trf,36,batch_matmul_1x256x128x512_i8xi8xi32,batch_matmul,opu_mmt4d,33554432,256,128,512,1,"B=1,M=256,N=128,K=512"
Hybrid CNN+Trf,37,reduction_256x128_f32,reduction,reduction,32512,,,,,"d0=256,d1=128"
Hybrid CNN+Trf,38,reduction_256x128_f32,reduction,reduction,32512,,,,,"d0=256,d1=128"
Hybrid CNN+Trf,39,reduction_128x256_f32,reduction,reduction,32640,,,,,"d0=128,d1=256"
Hybrid CNN+Trf,40,matmul_1x16x128_i8xi8xi32,matmul,encoding_resolver,4096,1,16,128,,"M=1,N=16,K=128"
Hybrid CNN+Trf,41,elementwise_16_i8xf32,elementwise,elementwise,16,,,,,n=16
DroNet,0,elementwise_transpose_3x112x112_f32xi8,elementwise,elementwise,0,,,,,
DroNet,1,generic_56x56x3x3x3_i8,other,elementwise,0,,,,,
DroNet,2,matmul_3136x32x27_i8xi8xi32,matmul,opu_mmt4d,5419008,3136,32,27,,"M=3136,N=32,K=27"
DroNet,3,conv_32x27x27x3x3_f32,conv,conv_direct,419904,,,,,"d0=32,d1=27,d2=27,d3=3,d4=3"
DroNet,4,generic_14x14x32_i8,other,elementwise,0,,,,,
DroNet,5,elementwise_transpose_32x27x27_i8xf32xf32xi8,elementwise,elementwise,0,,,,,
DroNet,6,generic_14x14x3x3x32_i8,other,elementwise,0,,,,,
DroNet,7,matmul_196x32x288_i8xi8xi32,matmul,opu_mmt4d,3612672,196,32,288,,"M=196,N=32,K=288"
DroNet,8,slow_memcpy,other,elementwise,0,,,,,
DroNet,9,generic_14x14x3x3x32_i8,other,elementwise,0,,,,,
DroNet,10,matmul_196x32x288_i8xi8xi32,matmul,opu_mmt4d,3612672,196,32,288,,"M=196,N=32,K=288"
DroNet,11,matmul_196x32x32_i8xi8xi32,matmul,opu_mmt4d,401408,196,32,32,,"M=196,N=32,K=32"
DroNet,12,generic_7x7x32_i8,other,elementwise,0,,,,,
DroNet,13,elementwise_196x32_i8xf32xf32xi8,elementwise,elementwise,196,,,,,n=196
DroNet,15,generic_7x7x3x3x32_i8,other,elementwise,0,,,,,
DroNet,16,matmul_49x64x288_i8xi8xi32,matmul,opu_mmt4d,1806336,49,64,288,,"M=49,N=64,K=288"
DroNet,17,slow_memcpy,other,elementwise,0,,,,,
DroNet,18,generic_7x7x3x3x64_i8,other,elementwise,0,,,,,
DroNet,19,matmul_49x64x576_i8xi8xi32,matmul,opu_mmt4d,3612672,49,64,576,,"M=49,N=64,K=576"
DroNet,20,matmul_49x64x32_i8xi8xi32,matmul,opu_mmt4d,200704,49,64,32,,"M=49,N=64,K=32"
DroNet,21,generic_4x4x64_i8,other,elementwise,0,,,,,
DroNet,22,elementwise_49x64_i8xf32xf32xi8,elementwise,elementwise,49,,,,,n=49
DroNet,24,generic_4x4x3x3x64_i8,other,elementwise,0,,,,,
DroNet,25,matmul_16x128x576_i8xi8xi32,matmul,opu_mmt4d,2359296,16,128,576,,"M=16,N=128,K=576"
DroNet,26,slow_memcpy,other,elementwise,0,,,,,
DroNet,27,generic_4x4x3x3x128_i8,other,elementwise,0,,,,,
DroNet,28,matmul_16x128x1152_i8xi8xi32,matmul,opu_mmt4d,4718592,16,128,1152,,"M=16,N=128,K=1152"
DroNet,29,matmul_16x128x64_i8xi8xi32,matmul,opu_mmt4d,262144,16,128,64,,"M=16,N=128,K=64"
DroNet,30,elementwise_2048_f32xi8,elementwise,elementwise,2048,,,,,n=2048
DroNet,31,matmul_1x1x2048_i8xi8xi32,matmul,opu_mmt4d,4096,1,1,2048,,"M=1,N=1,K=2048"
DroNet,33,elementwise,elementwise,elementwise,0,,,,,
DroNet,34,elementwise,elementwise,elementwise,0,,,,,
TinyLlama,0,elementwise_128_i64xi1,elementwise,elementwise,128,,,,,n=128
TinyLlama,1,elementwise_broadcast_128x2048_i64xi8,elementwise,elementwise,128,,,,,n=128
TinyLlama,2,elementwise_262144_i8xf32,elementwise,elementwise,262144,,,,,n=262144
TinyLlama,3,elementwise_128x128_i1xi64xi8,elementwise,elementwise,128,,,,,n=128
TinyLlama,4,reduction_128x2048_f32,reduction,reduction,262016,,,,,"d0=128,d1=2048"
TinyLlama,5,elementwise_128_i8xf32xf32,elementwise,elementwise,128,,,,,n=128
TinyLlama,6,elementwise_128x2048_f32xf32xi8,elementwise,elementwise,128,,,,,n=128
TinyLlama,7,elementwise_128x2048_i8,elementwise,elementwise,128,,,,,n=128
TinyLlama,8,batch_matmul_1x128x2048x2048_i8xi8xi32,batch_matmul,opu_mmt4d,1073741824,128,2048,2048,1,"B=1,M=128,N=2048,K=2048"
TinyLlama,9,batch_matmul_1x128x256x2048_i8xi8xi32,batch_matmul,opu_mmt4d,134217728,128,256,2048,1,"B=1,M=128,N=256,K=2048"
TinyLlama,11,elementwise_262144_i32xi8,elementwise,elementwise,262144,,,,,n=262144
TinyLlama,12,transpose_128x32x64_f32,transpose,elementwise,0,,,,,
TinyLlama,13,elementwise_32768_i32xi8,elementwise,elementwise,32768,,,,,n=32768
TinyLlama,14,transpose_128x4x64_f32,transpose,elementwise,0,,,,,
TinyLlama,15,elementwise_32x128x32_f32xi8,elementwise,elementwise,32,,,,,n=32
TinyLlama,16,elementwise_4x128x32_f32xi8,elementwise,elementwise,4,,,,,n=4
TinyLlama,17,elementwise_131072_i8xf32,elementwise,elementwise,131072,,,,,n=131072
TinyLlama,18,elementwise_16384_i8xf32,elementwise,elementwise,16384,,,,,n=16384
TinyLlama,19,elementwise_32x128x32_f32,elementwise,elementwise,32,,,,,n=32
TinyLlama,20,elementwise_4x128x32_f32,elementwise,elementwise,4,,,,,n=4
TinyLlama,21,elementwise_broadcast_4x8x128x64_i32xi8,elementwise,elementwise,4,,,,,n=4
TinyLlama,22,slow_memcpy,other,elementwise,0,,,,,
TinyLlama,23,slow_memcpy,other,elementwise,0,,,,,
TinyLlama,24,slow_memcpy,other,elementwise,0,,,,,
TinyLlama,25,slow_memcpy,other,elementwise,0,,,,,
TinyLlama,26,elementwise_32768_f32xi8,elementwise,elementwise,32768,,,,,n=32768
TinyLlama,27,elementwise_transpose_32x128x64_f32xf32xf32xf32xi8,elementwise,elementwise,0,,,,,
TinyLlama,28,elementwise_262144_i8xf32xi8,elementwise,elementwise,262144,,,,,n=262144
TinyLlama,29,elementwise_broadcast_4x8x128x64_f32xf32xi8xf32xf32xi8,elementwise,elementwise,4,,,,,n=4
TinyLlama,30,batch_matmul_32x128x128x64_i8xi8xi32,batch_matmul,opu_mmt4d,67108864,128,128,64,32,"B=32,M=128,N=128,K=64"
TinyLlama,31,softmax_32x128x128xf32_generic,softmax,reduction,2621440,,,,,"d0=32,d1=128,d2=128"
TinyLlama,32,batch_matmul_32x128x64x128_i8xi8xi32,batch_matmul,opu_mmt4d,67108864,128,64,128,32,"B=32,M=128,N=64,K=128"
TinyLlama,33,batch_matmul_1x128x2048x2048_i8xi8xi32,batch_matmul,opu_mmt4d,1073741824,128,2048,2048,1,"B=1,M=128,N=2048,K=2048"
TinyLlama,34,elementwise_262144_i8xf32,elementwise,elementwise,262144,,,,,n=262144
TinyLlama,35,reduction_128x2048_f32,reduction,reduction,262016,,,,,"d0=128,d1=2048"
TinyLlama,36,elementwise_128_i8xf32xf32,elementwise,elementwise,128,,,,,n=128
TinyLlama,37,elementwise_128x2048_f32xf32xi8,elementwise,elementwise,128,,,,,n=128
TinyLlama,38,elementwise_128x2048_i8,elementwise,elementwise,128,,,,,n=128
TinyLlama,39,batch_matmul_1x128x5632x2048_i8xi8xi32,batch_matmul,opu_mmt4d,2952790016,128,5632,2048,1,"B=1,M=128,N=5632,K=2048"
TinyLlama,40,batch_matmul_1x128x5632x2048_i8xi8xi32,batch_matmul,opu_mmt4d,2952790016,128,5632,2048,1,"B=1,M=128,N=5632,K=2048"
TinyLlama,41,batch_matmul_1x128x2048x5632_i8xi8xi32,batch_matmul,opu_mmt4d,2952790016,128,2048,5632,1,"B=1,M=128,N=2048,K=5632"
TinyLlama,42,elementwise_262144_i8xf32,elementwise,elementwise,262144,,,,,n=262144
TinyLlama,43,reduction_128x2048_f32,reduction,reduction,262016,,,,,"d0=128,d1=2048"
TinyLlama,44,elementwise_128_i8xf32xf32,elementwise,elementwise,128,,,,,n=128
TinyLlama,45,elementwise_128x2048_f32xf32xi8,elementwise,elementwise,128,,,,,n=128
TinyLlama,46,elementwise_128x2048_i8,elementwise,elementwise,128,,,,,n=128
TinyLlama,50,elementwise_262144_i32xi8,elementwise,elementwise,262144,,,,,n=262144
TinyLlama,51,transpose_128x32x64_f32,transpose,elementwise,0,,,,,
TinyLlama,52,elementwise_32768_i32xi8,elementwise,elementwise,32768,,,,,n=32768
TinyLlama,53,transpose_128x4x64_f32,transpose,elementwise,0,,,,,
TinyLlama,54,elementwise_32x128x32_f32xi8,elementwise,elementwise,32,,,,,n=32
TinyLlama,55,elementwise_4x128x32_f32xi8,elementwise,elementwise,4,,,,,n=4
TinyLlama,56,elementwise_131072_i8xf32,elementwise,elementwise,131072,,,,,n=131072
TinyLlama,57,elementwise_16384_i8xf32,elementwise,elementwise,16384,,,,,n=16384
TinyLlama,58,elementwise_32x128x32_f32,elementwise,elementwise,32,,,,,n=32
TinyLlama,59,elementwise_4x128x32_f32,elementwise,elementwise,4,,,,,n=4
TinyLlama,60,elementwise_broadcast_4x8x128x64_i32xi8,elementwise,elementwise,4,,,,,n=4
TinyLlama,65,elementwise_32768_f32xi8,elementwise,elementwise,32768,,,,,n=32768
TinyLlama,66,elementwise_transpose_32x128x64_f32xf32xf32xf32xi8,elementwise,elementwise,0,,,,,
TinyLlama,67,elementwise_262144_i8xf32xi8,elementwise,elementwise,262144,,,,,n=262144
TinyLlama,68,elementwise_broadcast_4x8x128x64_f32xf32xi8xf32xf32xi8,elementwise,elementwise,4,,,,,n=4
TinyLlama,69,batch_matmul_32x128x128x64_i8xi8xi32,batch_matmul,opu_mmt4d,67108864,128,128,64,32,"B=32,M=128,N=128,K=64"
TinyLlama,71,batch_matmul_32x128x64x128_i8xi8xi32,batch_matmul,opu_mmt4d,67108864,128,64,128,32,"B=32,M=128,N=64,K=128"
TinyLlama,72,batch_matmul_1x128x2048x2048_i8xi8xi32,batch_matmul,opu_mmt4d,1073741824,128,2048,2048,1,"B=1,M=128,N=2048,K=2048"
TinyLlama,73,elementwise_262144_i8xf32,elementwise,elementwise,262144,,,,,n=262144
TinyLlama,74,reduction_128x2048_f32,reduction,reduction,262016,,,,,"d0=128,d1=2048"
TinyLlama,75,elementwise_128_i8xf32xf32,elementwise,elementwise,128,,,,,n=128
TinyLlama,76,elementwise_128x2048_f32xf32xi8,elementwise,elementwise,128,,,,,n=128
TinyLlama,77,elementwise_128x2048_i8,elementwise,elementwise,128,,,,,n=128
TinyLlama,78,batch_matmul_1x128x5632x2048_i8xi8xi32,batch_matmul,opu_mmt4d,2952790016,128,5632,2048,1,"B=1,M=128,N=5632,K=2048"
TinyLlama,79,batch_matmul_1x128x5632x2048_i8xi8xi32,batch_matmul,opu_mmt4d,2952790016,128,5632,2048,1,"B=1,M=128,N=5632,K=2048"
TinyLlama,80,batch_matmul_1x128x2048x5632_i8xi8xi32,batch_matmul,opu_mmt4d,2952790016,128,2048,5632,1,"B=1,M=128,N=2048,K=5632"
TinyLlama,81,elementwise_262144_i8xf32,elementwise,elementwise,262144,,,,,n=262144
TinyLlama,82,reduction_128x2048_f32,reduction,reduction,262016,,,,,"d0=128,d1=2048"
TinyLlama,83,elementwise_128_i8xf32xf32,elementwise,elementwise,128,,,,,n=128
TinyLlama,84,elementwise_128x2048_f32xf32xi8,elementwise,elementwise,128,,,,,n=128
TinyLlama,85,elementwise_128x2048_i8,elementwise,elementwise,128,,,,,n=128
TinyLlama,89,elementwise_262144_i32xi8,elementwise,elementwise,262144,,,,,n=262144
TinyLlama,90,transpose_128x32x64_f32,transpose,elementwise,0,,,,,
TinyLlama,91,elementwise_32768_i32xi8,elementwise,elementwise,32768,,,,,n=32768
TinyLlama,92,transpose_128x4x64_f32,transpose,elementwise,0,,,,,
TinyLlama,93,elementwise_32x128x32_f32xi8,elementwise,elementwise,32,,,,,n=32
TinyLlama,94,elementwise_4x128x32_f32xi8,elementwise,elementwise,4,,,,,n=4
TinyLlama,95,elementwise_131072_i8xf32,elementwise,elementwise,131072,,,,,n=131072
TinyLlama,96,elementwise_16384_i8xf32,elementwise,elementwise,16384,,,,,n=16384
TinyLlama,97,elementwise_32x128x32_f32,elementwise,elementwise,32,,,,,n=32
TinyLlama,98,elementwise_4x128x32_f32,elementwise,elementwise,4,,,,,n=4
TinyLlama,99,elementwise_broadcast_4x8x128x64_i32xi8,elementwise,elementwise,4,,,,,n=4
TinyLlama,104,elementwise_32768_f32xi8,elementwise,elementwise,32768,,,,,n=32768
TinyLlama,105,elementwise_transpose_32x128x64_f32xf32xf32xf32xi8,elementwise,elementwise,0,,,,,
TinyLlama,106,elementwise_262144_i8xf32xi8,elementwise,elementwise,262144,,,,,n=262144
TinyLlama,107,elementwise_broadcast_4x8x128x64_f32xf32xi8xf32xf32xi8,elementwise,elementwise,4,,,,,n=4
TinyLlama,108,batch_matmul_32x128x128x64_i8xi8xi32,batch_matmul,opu_mmt4d,67108864,128,128,64,32,"B=32,M=128,N=128,K=64"
TinyLlama,110,batch_matmul_32x128x64x128_i8xi8xi32,batch_matmul,opu_mmt4d,67108864,128,64,128,32,"B=32,M=128,N=64,K=128"
TinyLlama,111,batch_matmul_1x128x2048x2048_i8xi8xi32,batch_matmul,opu_mmt4d,1073741824,128,2048,2048,1,"B=1,M=128,N=2048,K=2048"
TinyLlama,112,elementwise_262144_i8xf32,elementwise,elementwise,262144,,,,,n=262144
TinyLlama,113,reduction_128x2048_f32,reduction,reduction,262016,,,,,"d0=128,d1=2048"
TinyLlama,114,elementwise_128_i8xf32xf32,elementwise,elementwise,128,,,,,n=128
TinyLlama,115,elementwise_128x2048_f32xf32xi8,elementwise,elementwise,128,,,,,n=128
TinyLlama,116,elementwise_128x2048_i8,elementwise,elementwise,128,,,,,n=128
TinyLlama,117,batch_matmul_1x128x5632x2048_i8xi8xi32,batch_matmul,opu_mmt4d,2952790016,128,5632,2048,1,"B=1,M=128,N=5632,K=2048"
TinyLlama,118,batch_matmul_1x128x5632x2048_i8xi8xi32,batch_matmul,opu_mmt4d,2952790016,128,5632,2048,1,"B=1,M=128,N=5632,K=2048"
TinyLlama,119,batch_matmul_1x128x2048x5632_i8xi8xi32,batch_matmul,opu_mmt4d,2952790016,128,2048,5632,1,"B=1,M=128,N=2048,K=5632"
TinyLlama,120,elementwise_262144_i8xf32,elementwise,elementwise,262144,,,,,n=262144
TinyLlama,121,reduction_128x2048_f32,reduction,reduction,262016,,,,,"d0=128,d1=2048"
TinyLlama,122,elementwise_128_i8xf32xf32,elementwise,elementwise,128,,,,,n=128
TinyLlama,123,elementwise_128x2048_f32xf32xi8,elementwise,elementwise,128,,,,,n=128
TinyLlama,124,elementwise_128x2048_i8,elementwise,elementwise,128,,,,,n=128
TinyLlama,128,elementwise_262144_i32xi8,elementwise,elementwise,262144,,,,,n=262144
TinyLlama,129,transpose_128x32x64_f32,transpose,elementwise,0,,,,,
TinyLlama,130,elementwise_32768_i32xi8,elementwise,elementwise,32768,,,,,n=32768
TinyLlama,131,transpose_128x4x64_f32,transpose,elementwise,0,,,,,
TinyLlama,132,elementwise_32x128x32_f32xi8,elementwise,elementwise,32,,,,,n=32
TinyLlama,133,elementwise_4x128x32_f32xi8,elementwise,elementwise,4,,,,,n=4
TinyLlama,134,elementwise_131072_i8xf32,elementwise,elementwise,131072,,,,,n=131072
TinyLlama,135,elementwise_16384_i8xf32,elementwise,elementwise,16384,,,,,n=16384
TinyLlama,136,elementwise_32x128x32_f32,elementwise,elementwise,32,,,,,n=32
TinyLlama,137,elementwise_4x128x32_f32,elementwise,elementwise,4,,,,,n=4
TinyLlama,138,elementwise_broadcast_4x8x128x64_i32xi8,elementwise,elementwise,4,,,,,n=4
TinyLlama,143,elementwise_32768_f32xi8,elementwise,elementwise,32768,,,,,n=32768
TinyLlama,144,elementwise_transpose_32x128x64_f32xf32xf32xf32xi8,elementwise,elementwise,0,,,,,
TinyLlama,145,elementwise_262144_i8xf32xi8,elementwise,elementwise,262144,,,,,n=262144
TinyLlama,146,elementwise_broadcast_4x8x128x64_f32xf32xi8xf32xf32xi8,elementwise,elementwise,4,,,,,n=4
TinyLlama,147,batch_matmul_32x128x128x64_i8xi8xi32,batch_matmul,opu_mmt4d,67108864,128,128,64,32,"B=32,M=128,N=128,K=64"
TinyLlama,149,batch_matmul_32x128x64x128_i8xi8xi32,batch_matmul,opu_mmt4d,67108864,128,64,128,32,"B=32,M=128,N=64,K=128"
TinyLlama,150,batch_matmul_1x128x2048x2048_i8xi8xi32,batch_matmul,opu_mmt4d,1073741824,128,2048,2048,1,"B=1,M=128,N=2048,K=2048"
TinyLlama,151,elementwise_262144_i8xf32,elementwise,elementwise,262144,,,,,n=262144
TinyLlama,152,reduction_128x2048_f32,reduction,reduction,262016,,,,,"d0=128,d1=2048"
TinyLlama,153,elementwise_128_i8xf32xf32,elementwise,elementwise,128,,,,,n=128
TinyLlama,154,elementwise_128x2048_f32xf32xi8,elementwise,elementwise,128,,,,,n=128
TinyLlama,155,elementwise_128x2048_i8,elementwise,elementwise,128,,,,,n=128
TinyLlama,156,batch_matmul_1x128x5632x2048_i8xi8xi32,batch_matmul,opu_mmt4d,2952790016,128,5632,2048,1,"B=1,M=128,N=5632,K=2048"
TinyLlama,157,batch_matmul_1x128x5632x2048_i8xi8xi32,batch_matmul,opu_mmt4d,2952790016,128,5632,2048,1,"B=1,M=128,N=5632,K=2048"
TinyLlama,158,batch_matmul_1x128x2048x5632_i8xi8xi32,batch_matmul,opu_mmt4d,2952790016,128,2048,5632,1,"B=1,M=128,N=2048,K=5632"
TinyLlama,159,elementwise_262144_i8xf32,elementwise,elementwise,262144,,,,,n=262144
TinyLlama,160,reduction_128x2048_f32,reduction,reduction,262016,,,,,"d0=128,d1=2048"
TinyLlama,161,elementwise_128_i8xf32xf32,elementwise,elementwise,128,,,,,n=128
TinyLlama,162,elementwise_128x2048_f32xf32xi8,elementwise,elementwise,128,,,,,n=128
TinyLlama,163,elementwise_128x2048_i8,elementwise,elementwise,128,,,,,n=128
TinyLlama,167,elementwise_262144_i32xi8,elementwise,elementwise,262144,,,,,n=262144
TinyLlama,168,transpose_128x32x64_f32,transpose,elementwise,0,,,,,
TinyLlama,169,elementwise_32768_i32xi8,elementwise,elementwise,32768,,,,,n=32768
TinyLlama,170,transpose_128x4x64_f32,transpose,elementwise,0,,,,,
TinyLlama,171,elementwise_32x128x32_f32xi8,elementwise,elementwise,32,,,,,n=32
TinyLlama,172,elementwise_4x128x32_f32xi8,elementwise,elementwise,4,,,,,n=4
TinyLlama,173,elementwise_131072_i8xf32,elementwise,elementwise,131072,,,,,n=131072
TinyLlama,174,elementwise_16384_i8xf32,elementwise,elementwise,16384,,,,,n=16384
TinyLlama,175,elementwise_32x128x32_f32,elementwise,elementwise,32,,,,,n=32
TinyLlama,176,elementwise_4x128x32_f32,elementwise,elementwise,4,,,,,n=4
TinyLlama,177,elementwise_broadcast_4x8x128x64_i32xi8,elementwise,elementwise,4,,,,,n=4
TinyLlama,182,elementwise_32768_f32xi8,elementwise,elementwise,32768,,,,,n=32768
TinyLlama,183,elementwise_transpose_32x128x64_f32xf32xf32xf32xi8,elementwise,elementwise,0,,,,,
TinyLlama,184,elementwise_262144_i8xf32xi8,elementwise,elementwise,262144,,,,,n=262144
TinyLlama,185,elementwise_broadcast_4x8x128x64_f32xf32xi8xf32xf32xi8,elementwise,elementwise,4,,,,,n=4
TinyLlama,186,batch_matmul_32x128x128x64_i8xi8xi32,batch_matmul,opu_mmt4d,67108864,128,128,64,32,"B=32,M=128,N=128,K=64"
TinyLlama,188,batch_matmul_32x128x64x128_i8xi8xi32,batch_matmul,opu_mmt4d,67108864,128,64,128,32,"B=32,M=128,N=64,K=128"
TinyLlama,189,batch_matmul_1x128x2048x2048_i8xi8xi32,batch_matmul,opu_mmt4d,1073741824,128,2048,2048,1,"B=1,M=128,N=2048,K=2048"
TinyLlama,190,elementwise_262144_i8xf32,elementwise,elementwise,262144,,,,,n=262144
TinyLlama,191,reduction_128x2048_f32,reduction,reduction,262016,,,,,"d0=128,d1=2048"
TinyLlama,192,elementwise_128_i8xf32xf32,elementwise,elementwise,128,,,,,n=128
TinyLlama,193,elementwise_128x2048_f32xf32xi8,elementwise,elementwise,128,,,,,n=128
TinyLlama,194,elementwise_128x2048_i8,elementwise,elementwise,128,,,,,n=128
TinyLlama,195,batch_matmul_1x128x5632x2048_i8xi8xi32,batch_matmul,opu_mmt4d,2952790016,128,5632,2048,1,"B=1,M=128,N=5632,K=2048"
TinyLlama,196,batch_matmul_1x128x5632x2048_i8xi8xi32,batch_matmul,opu_mmt4d,2952790016,128,5632,2048,1,"B=1,M=128,N=5632,K=2048"
TinyLlama,197,batch_matmul_1x128x2048x5632_i8xi8xi32,batch_matmul,opu_mmt4d,2952790016,128,2048,5632,1,"B=1,M=128,N=2048,K=5632"
TinyLlama,198,elementwise_262144_i8xf32,elementwise,elementwise,262144,,,,,n=262144
TinyLlama,199,reduction_128x2048_f32,reduction,reduction,262016,,,,,"d0=128,d1=2048"
TinyLlama,200,elementwise_128_i8xf32xf32,elementwise,elementwise,128,,,,,n=128
TinyLlama,201,elementwise_128x2048_f32xf32xi8,elementwise,elementwise,128,,,,,n=128
TinyLlama,202,elementwise_128x2048_i8,elementwise,elementwise,128,,,,,n=128
TinyLlama,206,elementwise_262144_i32xi8,elementwise,elementwise,262144,,,,,n=262144
TinyLlama,207,transpose_128x32x64_f32,transpose,elementwise,0,,,,,
TinyLlama,208,elementwise_32768_i32xi8,elementwise,elementwise,32768,,,,,n=32768
TinyLlama,209,transpose_128x4x64_f32,transpose,elementwise,0,,,,,
TinyLlama,210,elementwise_32x128x32_f32xi8,elementwise,elementwise,32,,,,,n=32
TinyLlama,211,elementwise_4x128x32_f32xi8,elementwise,elementwise,4,,,,,n=4
TinyLlama,212,elementwise_131072_i8xf32,elementwise,elementwise,131072,,,,,n=131072
TinyLlama,213,elementwise_16384_i8xf32,elementwise,elementwise,16384,,,,,n=16384
TinyLlama,214,elementwise_32x128x32_f32,elementwise,elementwise,32,,,,,n=32
TinyLlama,215,elementwise_4x128x32_f32,elementwise,elementwise,4,,,,,n=4
TinyLlama,216,elementwise_broadcast_4x8x128x64_i32xi8,elementwise,elementwise,4,,,,,n=4
TinyLlama,221,elementwise_32768_f32xi8,elementwise,elementwise,32768,,,,,n=32768
TinyLlama,222,elementwise_transpose_32x128x64_f32xf32xf32xf32xi8,elementwise,elementwise,0,,,,,
TinyLlama,223,elementwise_262144_i8xf32xi8,elementwise,elementwise,262144,,,,,n=262144
TinyLlama,224,elementwise_broadcast_4x8x128x64_f32xf32xi8xf32xf32xi8,elementwise,elementwise,4,,,,,n=4
TinyLlama,225,batch_matmul_32x128x128x64_i8xi8xi32,batch_matmul,opu_mmt4d,67108864,128,128,64,32,"B=32,M=128,N=128,K=64"
TinyLlama,227,batch_matmul_32x128x64x128_i8xi8xi32,batch_matmul,opu_mmt4d,67108864,128,64,128,32,"B=32,M=128,N=64,K=128"
TinyLlama,228,batch_matmul_1x128x2048x2048_i8xi8xi32,batch_matmul,opu_mmt4d,1073741824,128,2048,2048,1,"B=1,M=128,N=2048,K=2048"
TinyLlama,229,elementwise_262144_i8xf32,elementwise,elementwise,262144,,,,,n=262144
TinyLlama,230,reduction_128x2048_f32,reduction,reduction,262016,,,,,"d0=128,d1=2048"
TinyLlama,231,elementwise_128_i8xf32xf32,elementwise,elementwise,128,,,,,n=128
TinyLlama,232,elementwise_128x2048_f32xf32xi8,elementwise,elementwise,128,,,,,n=128
TinyLlama,233,elementwise_128x2048_i8,elementwise,elementwise,128,,,,,n=128
TinyLlama,234,batch_matmul_1x128x5632x2048_i8xi8xi32,batch_matmul,opu_mmt4d,2952790016,128,5632,2048,1,"B=1,M=128,N=5632,K=2048"
TinyLlama,235,batch_matmul_1x128x5632x2048_i8xi8xi32,batch_matmul,opu_mmt4d,2952790016,128,5632,2048,1,"B=1,M=128,N=5632,K=2048"
TinyLlama,236,batch_matmul_1x128x2048x5632_i8xi8xi32,batch_matmul,opu_mmt4d,2952790016,128,2048,5632,1,"B=1,M=128,N=2048,K=5632"
TinyLlama,237,elementwise_262144_i8xf32,elementwise,elementwise,262144,,,,,n=262144
TinyLlama,238,reduction_128x2048_f32,reduction,reduction,262016,,,,,"d0=128,d1=2048"
TinyLlama,239,elementwise_128_i8xf32xf32,elementwise,elementwise,128,,,,,n=128
TinyLlama,240,elementwise_128x2048_f32xf32xi8,elementwise,elementwise,128,,,,,n=128
TinyLlama,241,elementwise_128x2048_i8,elementwise,elementwise,128,,,,,n=128
TinyLlama,245,elementwise_262144_i32xi8,elementwise,elementwise,262144,,,,,n=262144
TinyLlama,246,transpose_128x32x64_f32,transpose,elementwise,0,,,,,
TinyLlama,247,elementwise_32768_i32xi8,elementwise,elementwise,32768,,,,,n=32768
TinyLlama,248,transpose_128x4x64_f32,transpose,elementwise,0,,,,,
TinyLlama,249,elementwise_32x128x32_f32xi8,elementwise,elementwise,32,,,,,n=32
TinyLlama,250,elementwise_4x128x32_f32xi8,elementwise,elementwise,4,,,,,n=4
TinyLlama,251,elementwise_131072_i8xf32,elementwise,elementwise,131072,,,,,n=131072
TinyLlama,252,elementwise_16384_i8xf32,elementwise,elementwise,16384,,,,,n=16384
TinyLlama,253,elementwise_32x128x32_f32,elementwise,elementwise,32,,,,,n=32
TinyLlama,254,elementwise_4x128x32_f32,elementwise,elementwise,4,,,,,n=4
TinyLlama,255,elementwise_broadcast_4x8x128x64_i32xi8,elementwise,elementwise,4,,,,,n=4
TinyLlama,260,elementwise_32768_f32xi8,elementwise,elementwise,32768,,,,,n=32768
TinyLlama,261,elementwise_transpose_32x128x64_f32xf32xf32xf32xi8,elementwise,elementwise,0,,,,,
TinyLlama,262,elementwise_262144_i8xf32xi8,elementwise,elementwise,262144,,,,,n=262144
TinyLlama,263,elementwise_broadcast_4x8x128x64_f32xf32xi8xf32xf32xi8,elementwise,elementwise,4,,,,,n=4
TinyLlama,264,batch_matmul_32x128x128x64_i8xi8xi32,batch_matmul,opu_mmt4d,67108864,128,128,64,32,"B=32,M=128,N=128,K=64"
TinyLlama,266,batch_matmul_32x128x64x128_i8xi8xi32,batch_matmul,opu_mmt4d,67108864,128,64,128,32,"B=32,M=128,N=64,K=128"
TinyLlama,267,batch_matmul_1x128x2048x2048_i8xi8xi32,batch_matmul,opu_mmt4d,1073741824,128,2048,2048,1,"B=1,M=128,N=2048,K=2048"
TinyLlama,268,elementwise_262144_i8xf32,elementwise,elementwise,262144,,,,,n=262144
TinyLlama,269,reduction_128x2048_f32,reduction,reduction,262016,,,,,"d0=128,d1=2048"
TinyLlama,270,elementwise_128_i8xf32xf32,elementwise,elementwise,128,,,,,n=128
TinyLlama,271,elementwise_128x2048_f32xf32xi8,elementwise,elementwise,128,,,,,n=128
TinyLlama,272,elementwise_128x2048_i8,elementwise,elementwise,128,,,,,n=128
TinyLlama,273,batch_matmul_1x128x5632x2048_i8xi8xi32,batch_matmul,opu_mmt4d,2952790016,128,5632,2048,1,"B=1,M=128,N=5632,K=2048"
TinyLlama,274,batch_matmul_1x128x5632x2048_i8xi8xi32,batch_matmul,opu_mmt4d,2952790016,128,5632,2048,1,"B=1,M=128,N=5632,K=2048"
TinyLlama,275,batch_matmul_1x128x2048x5632_i8xi8xi32,batch_matmul,opu_mmt4d,2952790016,128,2048,5632,1,"B=1,M=128,N=2048,K=5632"
TinyLlama,276,elementwise_262144_i8xf32,elementwise,elementwise,262144,,,,,n=262144
TinyLlama,277,reduction_128x2048_f32,reduction,reduction,262016,,,,,"d0=128,d1=2048"
TinyLlama,278,elementwise_128_i8xf32xf32,elementwise,elementwise,128,,,,,n=128
TinyLlama,279,elementwise_128x2048_f32xf32xi8,elementwise,elementwise,128,,,,,n=128
TinyLlama,280,elementwise_128x2048_i8,elementwise,elementwise,128,,,,,n=128
TinyLlama,284,elementwise_262144_i32xi8,elementwise,elementwise,262144,,,,,n=262144
TinyLlama,285,transpose_128x32x64_f32,transpose,elementwise,0,,,,,
TinyLlama,286,elementwise_32768_i32xi8,elementwise,elementwise,32768,,,,,n=32768
TinyLlama,287,transpose_128x4x64_f32,transpose,elementwise,0,,,,,
TinyLlama,288,elementwise_32x128x32_f32xi8,elementwise,elementwise,32,,,,,n=32
TinyLlama,289,elementwise_4x128x32_f32xi8,elementwise,elementwise,4,,,,,n=4
TinyLlama,290,elementwise_131072_i8xf32,elementwise,elementwise,131072,,,,,n=131072
TinyLlama,291,elementwise_16384_i8xf32,elementwise,elementwise,16384,,,,,n=16384
TinyLlama,292,elementwise_32x128x32_f32,elementwise,elementwise,32,,,,,n=32
TinyLlama,293,elementwise_4x128x32_f32,elementwise,elementwise,4,,,,,n=4
TinyLlama,294,elementwise_broadcast_4x8x128x64_i32xi8,elementwise,elementwise,4,,,,,n=4
TinyLlama,299,elementwise_32768_f32xi8,elementwise,elementwise,32768,,,,,n=32768
TinyLlama,300,elementwise_transpose_32x128x64_f32xf32xf32xf32xi8,elementwise,elementwise,0,,,,,
TinyLlama,301,elementwise_262144_i8xf32xi8,elementwise,elementwise,262144,,,,,n=262144
TinyLlama,302,elementwise_broadcast_4x8x128x64_f32xf32xi8xf32xf32xi8,elementwise,elementwise,4,,,,,n=4
TinyLlama,303,batch_matmul_32x128x128x64_i8xi8xi32,batch_matmul,opu_mmt4d,67108864,128,128,64,32,"B=32,M=128,N=128,K=64"
TinyLlama,305,batch_matmul_32x128x64x128_i8xi8xi32,batch_matmul,opu_mmt4d,67108864,128,64,128,32,"B=32,M=128,N=64,K=128"
TinyLlama,306,batch_matmul_1x128x2048x2048_i8xi8xi32,batch_matmul,opu_mmt4d,1073741824,128,2048,2048,1,"B=1,M=128,N=2048,K=2048"
TinyLlama,307,elementwise_262144_i8xf32,elementwise,elementwise,262144,,,,,n=262144
TinyLlama,308,reduction_128x2048_f32,reduction,reduction,262016,,,,,"d0=128,d1=2048"
TinyLlama,309,elementwise_128_i8xf32xf32,elementwise,elementwise,128,,,,,n=128
TinyLlama,310,elementwise_128x2048_f32xf32xi8,elementwise,elementwise,128,,,,,n=128
TinyLlama,311,elementwise_128x2048_i8,elementwise,elementwise,128,,,,,n=128
TinyLlama,312,batch_matmul_1x128x5632x2048_i8xi8xi32,batch_matmul,opu_mmt4d,2952790016,128,5632,2048,1,"B=1,M=128,N=5632,K=2048"
TinyLlama,313,batch_matmul_1x128x5632x2048_i8xi8xi32,batch_matmul,opu_mmt4d,2952790016,128,5632,2048,1,"B=1,M=128,N=5632,K=2048"
TinyLlama,314,batch_matmul_1x128x2048x5632_i8xi8xi32,batch_matmul,opu_mmt4d,2952790016,128,2048,5632,1,"B=1,M=128,N=2048,K=5632"
TinyLlama,315,elementwise_262144_i8xf32,elementwise,elementwise,262144,,,,,n=262144
TinyLlama,316,reduction_128x2048_f32,reduction,reduction,262016,,,,,"d0=128,d1=2048"
TinyLlama,317,elementwise_128_i8xf32xf32,elementwise,elementwise,128,,,,,n=128
TinyLlama,318,elementwise_128x2048_f32xf32xi8,elementwise,elementwise,128,,,,,n=128
TinyLlama,319,elementwise_128x2048_i8,elementwise,elementwise,128,,,,,n=128
TinyLlama,323,elementwise_262144_i32xi8,elementwise,elementwise,262144,,,,,n=262144
TinyLlama,324,transpose_128x32x64_f32,transpose,elementwise,0,,,,,
TinyLlama,325,elementwise_32768_i32xi8,elementwise,elementwise,32768,,,,,n=32768
TinyLlama,326,transpose_128x4x64_f32,transpose,elementwise,0,,,,,
TinyLlama,327,elementwise_32x128x32_f32xi8,elementwise,elementwise,32,,,,,n=32
TinyLlama,328,elementwise_4x128x32_f32xi8,elementwise,elementwise,4,,,,,n=4
TinyLlama,329,elementwise_131072_i8xf32,elementwise,elementwise,131072,,,,,n=131072
TinyLlama,330,elementwise_16384_i8xf32,elementwise,elementwise,16384,,,,,n=16384
TinyLlama,331,elementwise_32x128x32_f32,elementwise,elementwise,32,,,,,n=32
TinyLlama,332,elementwise_4x128x32_f32,elementwise,elementwise,4,,,,,n=4
TinyLlama,333,elementwise_broadcast_4x8x128x64_i32xi8,elementwise,elementwise,4,,,,,n=4
TinyLlama,338,elementwise_32768_f32xi8,elementwise,elementwise,32768,,,,,n=32768
TinyLlama,339,elementwise_transpose_32x128x64_f32xf32xf32xf32xi8,elementwise,elementwise,0,,,,,
TinyLlama,340,elementwise_262144_i8xf32xi8,elementwise,elementwise,262144,,,,,n=262144
TinyLlama,341,elementwise_broadcast_4x8x128x64_f32xf32xi8xf32xf32xi8,elementwise,elementwise,4,,,,,n=4
TinyLlama,342,batch_matmul_32x128x128x64_i8xi8xi32,batch_matmul,opu_mmt4d,67108864,128,128,64,32,"B=32,M=128,N=128,K=64"
TinyLlama,344,batch_matmul_32x128x64x128_i8xi8xi32,batch_matmul,opu_mmt4d,67108864,128,64,128,32,"B=32,M=128,N=64,K=128"
TinyLlama,345,batch_matmul_1x128x2048x2048_i8xi8xi32,batch_matmul,opu_mmt4d,1073741824,128,2048,2048,1,"B=1,M=128,N=2048,K=2048"
TinyLlama,346,elementwise_262144_i8xf32,elementwise,elementwise,262144,,,,,n=262144
TinyLlama,347,reduction_128x2048_f32,reduction,reduction,262016,,,,,"d0=128,d1=2048"
TinyLlama,348,elementwise_128_i8xf32xf32,elementwise,elementwise,128,,,,,n=128
TinyLlama,349,elementwise_128x2048_f32xf32xi8,elementwise,elementwise,128,,,,,n=128
TinyLlama,350,elementwise_128x2048_i8,elementwise,elementwise,128,,,,,n=128
TinyLlama,351,batch_matmul_1x128x5632x2048_i8xi8xi32,batch_matmul,opu_mmt4d,2952790016,128,5632,2048,1,"B=1,M=128,N=5632,K=2048"
TinyLlama,352,batch_matmul_1x128x5632x2048_i8xi8xi32,batch_matmul,opu_mmt4d,2952790016,128,5632,2048,1,"B=1,M=128,N=5632,K=2048"
TinyLlama,353,batch_matmul_1x128x2048x5632_i8xi8xi32,batch_matmul,opu_mmt4d,2952790016,128,2048,5632,1,"B=1,M=128,N=2048,K=5632"
TinyLlama,354,elementwise_262144_i8xf32,elementwise,elementwise,262144,,,,,n=262144
TinyLlama,355,reduction_128x2048_f32,reduction,reduction,262016,,,,,"d0=128,d1=2048"
TinyLlama,356,elementwise_128_i8xf32xf32,elementwise,elementwise,128,,,,,n=128
TinyLlama,357,elementwise_128x2048_f32xf32xi8,elementwise,elementwise,128,,,,,n=128
TinyLlama,358,elementwise_128x2048_i8,elementwise,elementwise,128,,,,,n=128
TinyLlama,362,elementwise_262144_i32xi8,elementwise,elementwise,262144,,,,,n=262144
TinyLlama,363,transpose_128x32x64_f32,transpose,elementwise,0,,,,,
TinyLlama,364,elementwise_32768_i32xi8,elementwise,elementwise,32768,,,,,n=32768
TinyLlama,365,transpose_128x4x64_f32,transpose,elementwise,0,,,,,
TinyLlama,366,elementwise_32x128x32_f32xi8,elementwise,elementwise,32,,,,,n=32
TinyLlama,367,elementwise_4x128x32_f32xi8,elementwise,elementwise,4,,,,,n=4
TinyLlama,368,elementwise_131072_i8xf32,elementwise,elementwise,131072,,,,,n=131072
TinyLlama,369,elementwise_16384_i8xf32,elementwise,elementwise,16384,,,,,n=16384
TinyLlama,370,elementwise_32x128x32_f32,elementwise,elementwise,32,,,,,n=32
TinyLlama,371,elementwise_4x128x32_f32,elementwise,elementwise,4,,,,,n=4
TinyLlama,372,elementwise_broadcast_4x8x128x64_i32xi8,elementwise,elementwise,4,,,,,n=4
TinyLlama,377,elementwise_32768_f32xi8,elementwise,elementwise,32768,,,,,n=32768
TinyLlama,378,elementwise_transpose_32x128x64_f32xf32xf32xf32xi8,elementwise,elementwise,0,,,,,
TinyLlama,379,elementwise_262144_i8xf32xi8,elementwise,elementwise,262144,,,,,n=262144
TinyLlama,380,elementwise_broadcast_4x8x128x64_f32xf32xi8xf32xf32xi8,elementwise,elementwise,4,,,,,n=4
TinyLlama,381,batch_matmul_32x128x128x64_i8xi8xi32,batch_matmul,opu_mmt4d,67108864,128,128,64,32,"B=32,M=128,N=128,K=64"
TinyLlama,383,batch_matmul_32x128x64x128_i8xi8xi32,batch_matmul,opu_mmt4d,67108864,128,64,128,32,"B=32,M=128,N=64,K=128"
TinyLlama,384,batch_matmul_1x128x2048x2048_i8xi8xi32,batch_matmul,opu_mmt4d,1073741824,128,2048,2048,1,"B=1,M=128,N=2048,K=2048"
TinyLlama,385,elementwise_262144_i8xf32,elementwise,elementwise,262144,,,,,n=262144
TinyLlama,386,reduction_128x2048_f32,reduction,reduction,262016,,,,,"d0=128,d1=2048"
TinyLlama,387,elementwise_128_i8xf32xf32,elementwise,elementwise,128,,,,,n=128
TinyLlama,388,elementwise_128x2048_f32xf32xi8,elementwise,elementwise,128,,,,,n=128
TinyLlama,389,elementwise_128x2048_i8,elementwise,elementwise,128,,,,,n=128
TinyLlama,390,batch_matmul_1x128x5632x2048_i8xi8xi32,batch_matmul,opu_mmt4d,2952790016,128,5632,2048,1,"B=1,M=128,N=5632,K=2048"
TinyLlama,391,batch_matmul_1x128x5632x2048_i8xi8xi32,batch_matmul,opu_mmt4d,2952790016,128,5632,2048,1,"B=1,M=128,N=5632,K=2048"
TinyLlama,392,batch_matmul_1x128x2048x5632_i8xi8xi32,batch_matmul,opu_mmt4d,2952790016,128,2048,5632,1,"B=1,M=128,N=2048,K=5632"
TinyLlama,393,elementwise_262144_i8xf32,elementwise,elementwise,262144,,,,,n=262144
TinyLlama,394,reduction_128x2048_f32,reduction,reduction,262016,,,,,"d0=128,d1=2048"
TinyLlama,395,elementwise_128_i8xf32xf32,elementwise,elementwise,128,,,,,n=128
TinyLlama,396,elementwise_128x2048_f32xf32xi8,elementwise,elementwise,128,,,,,n=128
TinyLlama,397,elementwise_128x2048_i8,elementwise,elementwise,128,,,,,n=128
TinyLlama,401,elementwise_262144_i32xi8,elementwise,elementwise,262144,,,,,n=262144
TinyLlama,402,transpose_128x32x64_f32,transpose,elementwise,0,,,,,
TinyLlama,403,elementwise_32768_i32xi8,elementwise,elementwise,32768,,,,,n=32768
TinyLlama,404,transpose_128x4x64_f32,transpose,elementwise,0,,,,,
TinyLlama,405,elementwise_32x128x32_f32xi8,elementwise,elementwise,32,,,,,n=32
TinyLlama,406,elementwise_4x128x32_f32xi8,elementwise,elementwise,4,,,,,n=4
TinyLlama,407,elementwise_131072_i8xf32,elementwise,elementwise,131072,,,,,n=131072
TinyLlama,408,elementwise_16384_i8xf32,elementwise,elementwise,16384,,,,,n=16384
TinyLlama,409,elementwise_32x128x32_f32,elementwise,elementwise,32,,,,,n=32
TinyLlama,410,elementwise_4x128x32_f32,elementwise,elementwise,4,,,,,n=4
TinyLlama,411,elementwise_broadcast_4x8x128x64_i32xi8,elementwise,elementwise,4,,,,,n=4
TinyLlama,416,elementwise_32768_f32xi8,elementwise,elementwise,32768,,,,,n=32768
TinyLlama,417,elementwise_transpose_32x128x64_f32xf32xf32xf32xi8,elementwise,elementwise,0,,,,,
TinyLlama,418,elementwise_262144_i8xf32xi8,elementwise,elementwise,262144,,,,,n=262144
TinyLlama,419,elementwise_broadcast_4x8x128x64_f32xf32xi8xf32xf32xi8,elementwise,elementwise,4,,,,,n=4
TinyLlama,420,batch_matmul_32x128x128x64_i8xi8xi32,batch_matmul,opu_mmt4d,67108864,128,128,64,32,"B=32,M=128,N=128,K=64"
TinyLlama,422,batch_matmul_32x128x64x128_i8xi8xi32,batch_matmul,opu_mmt4d,67108864,128,64,128,32,"B=32,M=128,N=64,K=128"
TinyLlama,423,batch_matmul_1x128x2048x2048_i8xi8xi32,batch_matmul,opu_mmt4d,1073741824,128,2048,2048,1,"B=1,M=128,N=2048,K=2048"
TinyLlama,424,elementwise_262144_i8xf32,elementwise,elementwise,262144,,,,,n=262144
TinyLlama,425,reduction_128x2048_f32,reduction,reduction,262016,,,,,"d0=128,d1=2048"
TinyLlama,426,elementwise_128_i8xf32xf32,elementwise,elementwise,128,,,,,n=128
TinyLlama,427,elementwise_128x2048_f32xf32xi8,elementwise,elementwise,128,,,,,n=128
TinyLlama,428,elementwise_128x2048_i8,elementwise,elementwise,128,,,,,n=128
TinyLlama,429,batch_matmul_1x128x5632x2048_i8xi8xi32,batch_matmul,opu_mmt4d,2952790016,128,5632,2048,1,"B=1,M=128,N=5632,K=2048"
TinyLlama,430,batch_matmul_1x128x5632x2048_i8xi8xi32,batch_matmul,opu_mmt4d,2952790016,128,5632,2048,1,"B=1,M=128,N=5632,K=2048"
TinyLlama,431,batch_matmul_1x128x2048x5632_i8xi8xi32,batch_matmul,opu_mmt4d,2952790016,128,2048,5632,1,"B=1,M=128,N=2048,K=5632"
TinyLlama,432,elementwise_262144_i8xf32,elementwise,elementwise,262144,,,,,n=262144
TinyLlama,433,reduction_128x2048_f32,reduction,reduction,262016,,,,,"d0=128,d1=2048"
TinyLlama,434,elementwise_128_i8xf32xf32,elementwise,elementwise,128,,,,,n=128
TinyLlama,435,elementwise_128x2048_f32xf32xi8,elementwise,elementwise,128,,,,,n=128
TinyLlama,436,elementwise_128x2048_i8,elementwise,elementwise,128,,,,,n=128
TinyLlama,440,elementwise_262144_i32xi8,elementwise,elementwise,262144,,,,,n=262144
TinyLlama,441,transpose_128x32x64_f32,transpose,elementwise,0,,,,,
TinyLlama,442,elementwise_32768_i32xi8,elementwise,elementwise,32768,,,,,n=32768
TinyLlama,443,transpose_128x4x64_f32,transpose,elementwise,0,,,,,
TinyLlama,444,elementwise_32x128x32_f32xi8,elementwise,elementwise,32,,,,,n=32
TinyLlama,445,elementwise_4x128x32_f32xi8,elementwise,elementwise,4,,,,,n=4
TinyLlama,446,elementwise_131072_i8xf32,elementwise,elementwise,131072,,,,,n=131072
TinyLlama,447,elementwise_16384_i8xf32,elementwise,elementwise,16384,,,,,n=16384
TinyLlama,448,elementwise_32x128x32_f32,elementwise,elementwise,32,,,,,n=32
TinyLlama,449,elementwise_4x128x32_f32,elementwise,elementwise,4,,,,,n=4
TinyLlama,450,elementwise_broadcast_4x8x128x64_i32xi8,elementwise,elementwise,4,,,,,n=4
TinyLlama,455,elementwise_32768_f32xi8,elementwise,elementwise,32768,,,,,n=32768
TinyLlama,456,elementwise_transpose_32x128x64_f32xf32xf32xf32xi8,elementwise,elementwise,0,,,,,
TinyLlama,457,elementwise_262144_i8xf32xi8,elementwise,elementwise,262144,,,,,n=262144
TinyLlama,458,elementwise_broadcast_4x8x128x64_f32xf32xi8xf32xf32xi8,elementwise,elementwise,4,,,,,n=4
TinyLlama,459,batch_matmul_32x128x128x64_i8xi8xi32,batch_matmul,opu_mmt4d,67108864,128,128,64,32,"B=32,M=128,N=128,K=64"
TinyLlama,461,batch_matmul_32x128x64x128_i8xi8xi32,batch_matmul,opu_mmt4d,67108864,128,64,128,32,"B=32,M=128,N=64,K=128"
TinyLlama,462,batch_matmul_1x128x2048x2048_i8xi8xi32,batch_matmul,opu_mmt4d,1073741824,128,2048,2048,1,"B=1,M=128,N=2048,K=2048"
TinyLlama,463,elementwise_262144_i8xf32,elementwise,elementwise,262144,,,,,n=262144
TinyLlama,464,reduction_128x2048_f32,reduction,reduction,262016,,,,,"d0=128,d1=2048"
TinyLlama,465,elementwise_128_i8xf32xf32,elementwise,elementwise,128,,,,,n=128
TinyLlama,466,elementwise_128x2048_f32xf32xi8,elementwise,elementwise,128,,,,,n=128
TinyLlama,467,elementwise_128x2048_i8,elementwise,elementwise,128,,,,,n=128
TinyLlama,468,batch_matmul_1x128x5632x2048_i8xi8xi32,batch_matmul,opu_mmt4d,2952790016,128,5632,2048,1,"B=1,M=128,N=5632,K=2048"
TinyLlama,469,batch_matmul_1x128x5632x2048_i8xi8xi32,batch_matmul,opu_mmt4d,2952790016,128,5632,2048,1,"B=1,M=128,N=5632,K=2048"
TinyLlama,470,batch_matmul_1x128x2048x5632_i8xi8xi32,batch_matmul,opu_mmt4d,2952790016,128,2048,5632,1,"B=1,M=128,N=2048,K=5632"
TinyLlama,471,elementwise_262144_i8xf32,elementwise,elementwise,262144,,,,,n=262144
TinyLlama,472,reduction_128x2048_f32,reduction,reduction,262016,,,,,"d0=128,d1=2048"
TinyLlama,473,elementwise_128_i8xf32xf32,elementwise,elementwise,128,,,,,n=128
TinyLlama,474,elementwise_128x2048_f32xf32xi8,elementwise,elementwise,128,,,,,n=128
TinyLlama,475,elementwise_128x2048_i8,elementwise,elementwise,128,,,,,n=128
TinyLlama,479,elementwise_262144_i32xi8,elementwise,elementwise,262144,,,,,n=262144
TinyLlama,480,transpose_128x32x64_f32,transpose,elementwise,0,,,,,
TinyLlama,481,elementwise_32768_i32xi8,elementwise,elementwise,32768,,,,,n=32768
TinyLlama,482,transpose_128x4x64_f32,transpose,elementwise,0,,,,,
TinyLlama,483,elementwise_32x128x32_f32xi8,elementwise,elementwise,32,,,,,n=32
TinyLlama,484,elementwise_4x128x32_f32xi8,elementwise,elementwise,4,,,,,n=4
TinyLlama,485,elementwise_131072_i8xf32,elementwise,elementwise,131072,,,,,n=131072
TinyLlama,486,elementwise_16384_i8xf32,elementwise,elementwise,16384,,,,,n=16384
TinyLlama,487,elementwise_32x128x32_f32,elementwise,elementwise,32,,,,,n=32
TinyLlama,488,elementwise_4x128x32_f32,elementwise,elementwise,4,,,,,n=4
TinyLlama,489,elementwise_broadcast_4x8x128x64_i32xi8,elementwise,elementwise,4,,,,,n=4
TinyLlama,494,elementwise_32768_f32xi8,elementwise,elementwise,32768,,,,,n=32768
TinyLlama,495,elementwise_transpose_32x128x64_f32xf32xf32xf32xi8,elementwise,elementwise,0,,,,,
TinyLlama,496,elementwise_262144_i8xf32xi8,elementwise,elementwise,262144,,,,,n=262144
TinyLlama,497,elementwise_broadcast_4x8x128x64_f32xf32xi8xf32xf32xi8,elementwise,elementwise,4,,,,,n=4
TinyLlama,498,batch_matmul_32x128x128x64_i8xi8xi32,batch_matmul,opu_mmt4d,67108864,128,128,64,32,"B=32,M=128,N=128,K=64"
TinyLlama,500,batch_matmul_32x128x64x128_i8xi8xi32,batch_matmul,opu_mmt4d,67108864,128,64,128,32,"B=32,M=128,N=64,K=128"
TinyLlama,501,batch_matmul_1x128x2048x2048_i8xi8xi32,batch_matmul,opu_mmt4d,1073741824,128,2048,2048,1,"B=1,M=128,N=2048,K=2048"
TinyLlama,502,elementwise_262144_i8xf32,elementwise,elementwise,262144,,,,,n=262144
TinyLlama,503,reduction_128x2048_f32,reduction,reduction,262016,,,,,"d0=128,d1=2048"
TinyLlama,504,elementwise_128_i8xf32xf32,elementwise,elementwise,128,,,,,n=128
TinyLlama,505,elementwise_128x2048_f32xf32xi8,elementwise,elementwise,128,,,,,n=128
TinyLlama,506,elementwise_128x2048_i8,elementwise,elementwise,128,,,,,n=128
TinyLlama,507,batch_matmul_1x128x5632x2048_i8xi8xi32,batch_matmul,opu_mmt4d,2952790016,128,5632,2048,1,"B=1,M=128,N=5632,K=2048"
TinyLlama,508,batch_matmul_1x128x5632x2048_i8xi8xi32,batch_matmul,opu_mmt4d,2952790016,128,5632,2048,1,"B=1,M=128,N=5632,K=2048"
TinyLlama,509,batch_matmul_1x128x2048x5632_i8xi8xi32,batch_matmul,opu_mmt4d,2952790016,128,2048,5632,1,"B=1,M=128,N=2048,K=5632"
TinyLlama,510,elementwise_262144_i8xf32,elementwise,elementwise,262144,,,,,n=262144
TinyLlama,511,reduction_128x2048_f32,reduction,reduction,262016,,,,,"d0=128,d1=2048"
TinyLlama,512,elementwise_128_i8xf32xf32,elementwise,elementwise,128,,,,,n=128
TinyLlama,513,elementwise_128x2048_f32xf32xi8,elementwise,elementwise,128,,,,,n=128
TinyLlama,514,elementwise_128x2048_i8,elementwise,elementwise,128,,,,,n=128
TinyLlama,518,elementwise_262144_i32xi8,elementwise,elementwise,262144,,,,,n=262144
TinyLlama,519,transpose_128x32x64_f32,transpose,elementwise,0,,,,,
TinyLlama,520,elementwise_32768_i32xi8,elementwise,elementwise,32768,,,,,n=32768
TinyLlama,521,transpose_128x4x64_f32,transpose,elementwise,0,,,,,
TinyLlama,522,elementwise_32x128x32_f32xi8,elementwise,elementwise,32,,,,,n=32
TinyLlama,523,elementwise_4x128x32_f32xi8,elementwise,elementwise,4,,,,,n=4
TinyLlama,524,elementwise_131072_i8xf32,elementwise,elementwise,131072,,,,,n=131072
TinyLlama,525,elementwise_16384_i8xf32,elementwise,elementwise,16384,,,,,n=16384
TinyLlama,526,elementwise_32x128x32_f32,elementwise,elementwise,32,,,,,n=32
TinyLlama,527,elementwise_4x128x32_f32,elementwise,elementwise,4,,,,,n=4
TinyLlama,528,elementwise_broadcast_4x8x128x64_i32xi8,elementwise,elementwise,4,,,,,n=4
TinyLlama,533,elementwise_32768_f32xi8,elementwise,elementwise,32768,,,,,n=32768
TinyLlama,534,elementwise_transpose_32x128x64_f32xf32xf32xf32xi8,elementwise,elementwise,0,,,,,
TinyLlama,535,elementwise_262144_i8xf32xi8,elementwise,elementwise,262144,,,,,n=262144
TinyLlama,536,elementwise_broadcast_4x8x128x64_f32xf32xi8xf32xf32xi8,elementwise,elementwise,4,,,,,n=4
TinyLlama,537,batch_matmul_32x128x128x64_i8xi8xi32,batch_matmul,opu_mmt4d,67108864,128,128,64,32,"B=32,M=128,N=128,K=64"
TinyLlama,539,batch_matmul_32x128x64x128_i8xi8xi32,batch_matmul,opu_mmt4d,67108864,128,64,128,32,"B=32,M=128,N=64,K=128"
TinyLlama,540,batch_matmul_1x128x2048x2048_i8xi8xi32,batch_matmul,opu_mmt4d,1073741824,128,2048,2048,1,"B=1,M=128,N=2048,K=2048"
TinyLlama,541,elementwise_262144_i8xf32,elementwise,elementwise,262144,,,,,n=262144
TinyLlama,542,reduction_128x2048_f32,reduction,reduction,262016,,,,,"d0=128,d1=2048"
TinyLlama,543,elementwise_128_i8xf32xf32,elementwise,elementwise,128,,,,,n=128
TinyLlama,544,elementwise_128x2048_f32xf32xi8,elementwise,elementwise,128,,,,,n=128
TinyLlama,545,elementwise_128x2048_i8,elementwise,elementwise,128,,,,,n=128
TinyLlama,546,batch_matmul_1x128x5632x2048_i8xi8xi32,batch_matmul,opu_mmt4d,2952790016,128,5632,2048,1,"B=1,M=128,N=5632,K=2048"
TinyLlama,547,batch_matmul_1x128x5632x2048_i8xi8xi32,batch_matmul,opu_mmt4d,2952790016,128,5632,2048,1,"B=1,M=128,N=5632,K=2048"
TinyLlama,548,batch_matmul_1x128x2048x5632_i8xi8xi32,batch_matmul,opu_mmt4d,2952790016,128,2048,5632,1,"B=1,M=128,N=2048,K=5632"
TinyLlama,549,elementwise_262144_i8xf32,elementwise,elementwise,262144,,,,,n=262144
TinyLlama,550,reduction_128x2048_f32,reduction,reduction,262016,,,,,"d0=128,d1=2048"
TinyLlama,551,elementwise_128_i8xf32xf32,elementwise,elementwise,128,,,,,n=128
TinyLlama,552,elementwise_128x2048_f32xf32xi8,elementwise,elementwise,128,,,,,n=128
TinyLlama,553,elementwise_128x2048_i8,elementwise,elementwise,128,,,,,n=128
TinyLlama,557,elementwise_262144_i32xi8,elementwise,elementwise,262144,,,,,n=262144
TinyLlama,558,transpose_128x32x64_f32,transpose,elementwise,0,,,,,
TinyLlama,559,elementwise_32768_i32xi8,elementwise,elementwise,32768,,,,,n=32768
TinyLlama,560,transpose_128x4x64_f32,transpose,elementwise,0,,,,,
TinyLlama,561,elementwise_32x128x32_f32xi8,elementwise,elementwise,32,,,,,n=32
TinyLlama,562,elementwise_4x128x32_f32xi8,elementwise,elementwise,4,,,,,n=4
TinyLlama,563,elementwise_131072_i8xf32,elementwise,elementwise,131072,,,,,n=131072
TinyLlama,564,elementwise_16384_i8xf32,elementwise,elementwise,16384,,,,,n=16384
TinyLlama,565,elementwise_32x128x32_f32,elementwise,elementwise,32,,,,,n=32
TinyLlama,566,elementwise_4x128x32_f32,elementwise,elementwise,4,,,,,n=4
TinyLlama,567,elementwise_broadcast_4x8x128x64_i32xi8,elementwise,elementwise,4,,,,,n=4
TinyLlama,572,elementwise_32768_f32xi8,elementwise,elementwise,32768,,,,,n=32768
TinyLlama,573,elementwise_transpose_32x128x64_f32xf32xf32xf32xi8,elementwise,elementwise,0,,,,,
TinyLlama,574,elementwise_262144_i8xf32xi8,elementwise,elementwise,262144,,,,,n=262144
TinyLlama,575,elementwise_broadcast_4x8x128x64_f32xf32xi8xf32xf32xi8,elementwise,elementwise,4,,,,,n=4
TinyLlama,576,batch_matmul_32x128x128x64_i8xi8xi32,batch_matmul,opu_mmt4d,67108864,128,128,64,32,"B=32,M=128,N=128,K=64"
TinyLlama,578,batch_matmul_32x128x64x128_i8xi8xi32,batch_matmul,opu_mmt4d,67108864,128,64,128,32,"B=32,M=128,N=64,K=128"
TinyLlama,579,batch_matmul_1x128x2048x2048_i8xi8xi32,batch_matmul,opu_mmt4d,1073741824,128,2048,2048,1,"B=1,M=128,N=2048,K=2048"
TinyLlama,580,elementwise_262144_i8xf32,elementwise,elementwise,262144,,,,,n=262144
TinyLlama,581,reduction_128x2048_f32,reduction,reduction,262016,,,,,"d0=128,d1=2048"
TinyLlama,582,elementwise_128_i8xf32xf32,elementwise,elementwise,128,,,,,n=128
TinyLlama,583,elementwise_128x2048_f32xf32xi8,elementwise,elementwise,128,,,,,n=128
TinyLlama,584,elementwise_128x2048_i8,elementwise,elementwise,128,,,,,n=128
TinyLlama,585,batch_matmul_1x128x5632x2048_i8xi8xi32,batch_matmul,opu_mmt4d,2952790016,128,5632,2048,1,"B=1,M=128,N=5632,K=2048"
TinyLlama,586,batch_matmul_1x128x5632x2048_i8xi8xi32,batch_matmul,opu_mmt4d,2952790016,128,5632,2048,1,"B=1,M=128,N=5632,K=2048"
TinyLlama,587,batch_matmul_1x128x2048x5632_i8xi8xi32,batch_matmul,opu_mmt4d,2952790016,128,2048,5632,1,"B=1,M=128,N=2048,K=5632"
TinyLlama,588,elementwise_262144_i8xf32,elementwise,elementwise,262144,,,,,n=262144
TinyLlama,589,reduction_128x2048_f32,reduction,reduction,262016,,,,,"d0=128,d1=2048"
TinyLlama,590,elementwise_128_i8xf32xf32,elementwise,elementwise,128,,,,,n=128
TinyLlama,591,elementwise_128x2048_f32xf32xi8,elementwise,elementwise,128,,,,,n=128
TinyLlama,592,elementwise_128x2048_i8,elementwise,elementwise,128,,,,,n=128
TinyLlama,596,elementwise_262144_i32xi8,elementwise,elementwise,262144,,,,,n=262144
TinyLlama,597,transpose_128x32x64_f32,transpose,elementwise,0,,,,,
TinyLlama,598,elementwise_32768_i32xi8,elementwise,elementwise,32768,,,,,n=32768
TinyLlama,599,transpose_128x4x64_f32,transpose,elementwise,0,,,,,
TinyLlama,600,elementwise_32x128x32_f32xi8,elementwise,elementwise,32,,,,,n=32
TinyLlama,601,elementwise_4x128x32_f32xi8,elementwise,elementwise,4,,,,,n=4
TinyLlama,602,elementwise_131072_i8xf32,elementwise,elementwise,131072,,,,,n=131072
TinyLlama,603,elementwise_16384_i8xf32,elementwise,elementwise,16384,,,,,n=16384
TinyLlama,604,elementwise_32x128x32_f32,elementwise,elementwise,32,,,,,n=32
TinyLlama,605,elementwise_4x128x32_f32,elementwise,elementwise,4,,,,,n=4
TinyLlama,606,elementwise_broadcast_4x8x128x64_i32xi8,elementwise,elementwise,4,,,,,n=4
TinyLlama,611,elementwise_32768_f32xi8,elementwise,elementwise,32768,,,,,n=32768
TinyLlama,612,elementwise_transpose_32x128x64_f32xf32xf32xf32xi8,elementwise,elementwise,0,,,,,
TinyLlama,613,elementwise_262144_i8xf32xi8,elementwise,elementwise,262144,,,,,n=262144
TinyLlama,614,elementwise_broadcast_4x8x128x64_f32xf32xi8xf32xf32xi8,elementwise,elementwise,4,,,,,n=4
TinyLlama,615,batch_matmul_32x128x128x64_i8xi8xi32,batch_matmul,opu_mmt4d,67108864,128,128,64,32,"B=32,M=128,N=128,K=64"
TinyLlama,617,batch_matmul_32x128x64x128_i8xi8xi32,batch_matmul,opu_mmt4d,67108864,128,64,128,32,"B=32,M=128,N=64,K=128"
TinyLlama,618,batch_matmul_1x128x2048x2048_i8xi8xi32,batch_matmul,opu_mmt4d,1073741824,128,2048,2048,1,"B=1,M=128,N=2048,K=2048"
TinyLlama,619,elementwise_262144_i8xf32,elementwise,elementwise,262144,,,,,n=262144
TinyLlama,620,reduction_128x2048_f32,reduction,reduction,262016,,,,,"d0=128,d1=2048"
TinyLlama,621,elementwise_128_i8xf32xf32,elementwise,elementwise,128,,,,,n=128
TinyLlama,622,elementwise_128x2048_f32xf32xi8,elementwise,elementwise,128,,,,,n=128
TinyLlama,623,elementwise_128x2048_i8,elementwise,elementwise,128,,,,,n=128
TinyLlama,624,batch_matmul_1x128x5632x2048_i8xi8xi32,batch_matmul,opu_mmt4d,2952790016,128,5632,2048,1,"B=1,M=128,N=5632,K=2048"
TinyLlama,625,batch_matmul_1x128x5632x2048_i8xi8xi32,batch_matmul,opu_mmt4d,2952790016,128,5632,2048,1,"B=1,M=128,N=5632,K=2048"
TinyLlama,626,batch_matmul_1x128x2048x5632_i8xi8xi32,batch_matmul,opu_mmt4d,2952790016,128,2048,5632,1,"B=1,M=128,N=2048,K=5632"
TinyLlama,627,elementwise_262144_i8xf32,elementwise,elementwise,262144,,,,,n=262144
TinyLlama,628,reduction_128x2048_f32,reduction,reduction,262016,,,,,"d0=128,d1=2048"
TinyLlama,629,elementwise_128_i8xf32xf32,elementwise,elementwise,128,,,,,n=128
TinyLlama,630,elementwise_128x2048_f32xf32xi8,elementwise,elementwise,128,,,,,n=128
TinyLlama,631,elementwise_128x2048_i8,elementwise,elementwise,128,,,,,n=128
TinyLlama,635,elementwise_262144_i32xi8,elementwise,elementwise,262144,,,,,n=262144
TinyLlama,636,transpose_128x32x64_f32,transpose,elementwise,0,,,,,
TinyLlama,637,elementwise_32768_i32xi8,elementwise,elementwise,32768,,,,,n=32768
TinyLlama,638,transpose_128x4x64_f32,transpose,elementwise,0,,,,,
TinyLlama,639,elementwise_32x128x32_f32xi8,elementwise,elementwise,32,,,,,n=32
TinyLlama,640,elementwise_4x128x32_f32xi8,elementwise,elementwise,4,,,,,n=4
TinyLlama,641,elementwise_131072_i8xf32,elementwise,elementwise,131072,,,,,n=131072
TinyLlama,642,elementwise_16384_i8xf32,elementwise,elementwise,16384,,,,,n=16384
TinyLlama,643,elementwise_32x128x32_f32,elementwise,elementwise,32,,,,,n=32
TinyLlama,644,elementwise_4x128x32_f32,elementwise,elementwise,4,,,,,n=4
TinyLlama,645,elementwise_broadcast_4x8x128x64_i32xi8,elementwise,elementwise,4,,,,,n=4
TinyLlama,650,elementwise_32768_f32xi8,elementwise,elementwise,32768,,,,,n=32768
TinyLlama,651,elementwise_transpose_32x128x64_f32xf32xf32xf32xi8,elementwise,elementwise,0,,,,,
TinyLlama,652,elementwise_262144_i8xf32xi8,elementwise,elementwise,262144,,,,,n=262144
TinyLlama,653,elementwise_broadcast_4x8x128x64_f32xf32xi8xf32xf32xi8,elementwise,elementwise,4,,,,,n=4
TinyLlama,654,batch_matmul_32x128x128x64_i8xi8xi32,batch_matmul,opu_mmt4d,67108864,128,128,64,32,"B=32,M=128,N=128,K=64"
TinyLlama,656,batch_matmul_32x128x64x128_i8xi8xi32,batch_matmul,opu_mmt4d,67108864,128,64,128,32,"B=32,M=128,N=64,K=128"
TinyLlama,657,batch_matmul_1x128x2048x2048_i8xi8xi32,batch_matmul,opu_mmt4d,1073741824,128,2048,2048,1,"B=1,M=128,N=2048,K=2048"
TinyLlama,658,elementwise_262144_i8xf32,elementwise,elementwise,262144,,,,,n=262144
TinyLlama,659,reduction_128x2048_f32,reduction,reduction,262016,,,,,"d0=128,d1=2048"
TinyLlama,660,elementwise_128_i8xf32xf32,elementwise,elementwise,128,,,,,n=128
TinyLlama,661,elementwise_128x2048_f32xf32xi8,elementwise,elementwise,128,,,,,n=128
TinyLlama,662,elementwise_128x2048_i8,elementwise,elementwise,128,,,,,n=128
TinyLlama,663,batch_matmul_1x128x5632x2048_i8xi8xi32,batch_matmul,opu_mmt4d,2952790016,128,5632,2048,1,"B=1,M=128,N=5632,K=2048"
TinyLlama,664,batch_matmul_1x128x5632x2048_i8xi8xi32,batch_matmul,opu_mmt4d,2952790016,128,5632,2048,1,"B=1,M=128,N=5632,K=2048"
TinyLlama,665,batch_matmul_1x128x2048x5632_i8xi8xi32,batch_matmul,opu_mmt4d,2952790016,128,2048,5632,1,"B=1,M=128,N=2048,K=5632"
TinyLlama,666,elementwise_262144_i8xf32,elementwise,elementwise,262144,,,,,n=262144
TinyLlama,667,reduction_128x2048_f32,reduction,reduction,262016,,,,,"d0=128,d1=2048"
TinyLlama,668,elementwise_128_i8xf32xf32,elementwise,elementwise,128,,,,,n=128
TinyLlama,669,elementwise_128x2048_f32xf32xi8,elementwise,elementwise,128,,,,,n=128
TinyLlama,670,elementwise_128x2048_i8,elementwise,elementwise,128,,,,,n=128
TinyLlama,674,elementwise_262144_i32xi8,elementwise,elementwise,262144,,,,,n=262144
TinyLlama,675,transpose_128x32x64_f32,transpose,elementwise,0,,,,,
TinyLlama,676,elementwise_32768_i32xi8,elementwise,elementwise,32768,,,,,n=32768
TinyLlama,677,transpose_128x4x64_f32,transpose,elementwise,0,,,,,
TinyLlama,678,elementwise_32x128x32_f32xi8,elementwise,elementwise,32,,,,,n=32
TinyLlama,679,elementwise_4x128x32_f32xi8,elementwise,elementwise,4,,,,,n=4
TinyLlama,680,elementwise_131072_i8xf32,elementwise,elementwise,131072,,,,,n=131072
TinyLlama,681,elementwise_16384_i8xf32,elementwise,elementwise,16384,,,,,n=16384
TinyLlama,682,elementwise_32x128x32_f32,elementwise,elementwise,32,,,,,n=32
TinyLlama,683,elementwise_4x128x32_f32,elementwise,elementwise,4,,,,,n=4
TinyLlama,684,elementwise_broadcast_4x8x128x64_i32xi8,elementwise,elementwise,4,,,,,n=4
TinyLlama,689,elementwise_32768_f32xi8,elementwise,elementwise,32768,,,,,n=32768
TinyLlama,690,elementwise_transpose_32x128x64_f32xf32xf32xf32xi8,elementwise,elementwise,0,,,,,
TinyLlama,691,elementwise_262144_i8xf32xi8,elementwise,elementwise,262144,,,,,n=262144
TinyLlama,692,elementwise_broadcast_4x8x128x64_f32xf32xi8xf32xf32xi8,elementwise,elementwise,4,,,,,n=4
TinyLlama,693,batch_matmul_32x128x128x64_i8xi8xi32,batch_matmul,opu_mmt4d,67108864,128,128,64,32,"B=32,M=128,N=128,K=64"
TinyLlama,695,batch_matmul_32x128x64x128_i8xi8xi32,batch_matmul,opu_mmt4d,67108864,128,64,128,32,"B=32,M=128,N=64,K=128"
TinyLlama,696,batch_matmul_1x128x2048x2048_i8xi8xi32,batch_matmul,opu_mmt4d,1073741824,128,2048,2048,1,"B=1,M=128,N=2048,K=2048"
TinyLlama,697,elementwise_262144_i8xf32,elementwise,elementwise,262144,,,,,n=262144
TinyLlama,698,reduction_128x2048_f32,reduction,reduction,262016,,,,,"d0=128,d1=2048"
TinyLlama,699,elementwise_128_i8xf32xf32,elementwise,elementwise,128,,,,,n=128
TinyLlama,700,elementwise_128x2048_f32xf32xi8,elementwise,elementwise,128,,,,,n=128
TinyLlama,701,elementwise_128x2048_i8,elementwise,elementwise,128,,,,,n=128
TinyLlama,702,batch_matmul_1x128x5632x2048_i8xi8xi32,batch_matmul,opu_mmt4d,2952790016,128,5632,2048,1,"B=1,M=128,N=5632,K=2048"
TinyLlama,703,batch_matmul_1x128x5632x2048_i8xi8xi32,batch_matmul,opu_mmt4d,2952790016,128,5632,2048,1,"B=1,M=128,N=5632,K=2048"
TinyLlama,704,batch_matmul_1x128x2048x5632_i8xi8xi32,batch_matmul,opu_mmt4d,2952790016,128,2048,5632,1,"B=1,M=128,N=2048,K=5632"
TinyLlama,705,elementwise_262144_i8xf32,elementwise,elementwise,262144,,,,,n=262144
TinyLlama,706,reduction_128x2048_f32,reduction,reduction,262016,,,,,"d0=128,d1=2048"
TinyLlama,707,elementwise_128_i8xf32xf32,elementwise,elementwise,128,,,,,n=128
TinyLlama,708,elementwise_128x2048_f32xf32xi8,elementwise,elementwise,128,,,,,n=128
TinyLlama,709,elementwise_128x2048_i8,elementwise,elementwise,128,,,,,n=128
TinyLlama,713,elementwise_262144_i32xi8,elementwise,elementwise,262144,,,,,n=262144
TinyLlama,714,transpose_128x32x64_f32,transpose,elementwise,0,,,,,
TinyLlama,715,elementwise_32768_i32xi8,elementwise,elementwise,32768,,,,,n=32768
TinyLlama,716,transpose_128x4x64_f32,transpose,elementwise,0,,,,,
TinyLlama,717,elementwise_32x128x32_f32xi8,elementwise,elementwise,32,,,,,n=32
TinyLlama,718,elementwise_4x128x32_f32xi8,elementwise,elementwise,4,,,,,n=4
TinyLlama,719,elementwise_131072_i8xf32,elementwise,elementwise,131072,,,,,n=131072
TinyLlama,720,elementwise_16384_i8xf32,elementwise,elementwise,16384,,,,,n=16384
TinyLlama,721,elementwise_32x128x32_f32,elementwise,elementwise,32,,,,,n=32
TinyLlama,722,elementwise_4x128x32_f32,elementwise,elementwise,4,,,,,n=4
TinyLlama,723,elementwise_broadcast_4x8x128x64_i32xi8,elementwise,elementwise,4,,,,,n=4
TinyLlama,728,elementwise_32768_f32xi8,elementwise,elementwise,32768,,,,,n=32768
TinyLlama,729,elementwise_transpose_32x128x64_f32xf32xf32xf32xi8,elementwise,elementwise,0,,,,,
TinyLlama,730,elementwise_262144_i8xf32xi8,elementwise,elementwise,262144,,,,,n=262144
TinyLlama,731,elementwise_broadcast_4x8x128x64_f32xf32xi8xf32xf32xi8,elementwise,elementwise,4,,,,,n=4
TinyLlama,732,batch_matmul_32x128x128x64_i8xi8xi32,batch_matmul,opu_mmt4d,67108864,128,128,64,32,"B=32,M=128,N=128,K=64"
TinyLlama,734,batch_matmul_32x128x64x128_i8xi8xi32,batch_matmul,opu_mmt4d,67108864,128,64,128,32,"B=32,M=128,N=64,K=128"
TinyLlama,735,batch_matmul_1x128x2048x2048_i8xi8xi32,batch_matmul,opu_mmt4d,1073741824,128,2048,2048,1,"B=1,M=128,N=2048,K=2048"
TinyLlama,736,elementwise_262144_i8xf32,elementwise,elementwise,262144,,,,,n=262144
TinyLlama,737,reduction_128x2048_f32,reduction,reduction,262016,,,,,"d0=128,d1=2048"
TinyLlama,738,elementwise_128_i8xf32xf32,elementwise,elementwise,128,,,,,n=128
TinyLlama,739,elementwise_128x2048_f32xf32xi8,elementwise,elementwise,128,,,,,n=128
TinyLlama,740,elementwise_128x2048_i8,elementwise,elementwise,128,,,,,n=128
TinyLlama,741,batch_matmul_1x128x5632x2048_i8xi8xi32,batch_matmul,opu_mmt4d,2952790016,128,5632,2048,1,"B=1,M=128,N=5632,K=2048"
TinyLlama,742,batch_matmul_1x128x5632x2048_i8xi8xi32,batch_matmul,opu_mmt4d,2952790016,128,5632,2048,1,"B=1,M=128,N=5632,K=2048"
TinyLlama,743,batch_matmul_1x128x2048x5632_i8xi8xi32,batch_matmul,opu_mmt4d,2952790016,128,2048,5632,1,"B=1,M=128,N=2048,K=5632"
TinyLlama,744,elementwise_262144_i8xf32,elementwise,elementwise,262144,,,,,n=262144
TinyLlama,745,reduction_128x2048_f32,reduction,reduction,262016,,,,,"d0=128,d1=2048"
TinyLlama,746,elementwise_128_i8xf32xf32,elementwise,elementwise,128,,,,,n=128
TinyLlama,747,elementwise_128x2048_f32xf32xi8,elementwise,elementwise,128,,,,,n=128
TinyLlama,748,elementwise_128x2048_i8,elementwise,elementwise,128,,,,,n=128
TinyLlama,752,elementwise_262144_i32xi8,elementwise,elementwise,262144,,,,,n=262144
TinyLlama,753,transpose_128x32x64_f32,transpose,elementwise,0,,,,,
TinyLlama,754,elementwise_32768_i32xi8,elementwise,elementwise,32768,,,,,n=32768
TinyLlama,755,transpose_128x4x64_f32,transpose,elementwise,0,,,,,
TinyLlama,756,elementwise_32x128x32_f32xi8,elementwise,elementwise,32,,,,,n=32
TinyLlama,757,elementwise_4x128x32_f32xi8,elementwise,elementwise,4,,,,,n=4
TinyLlama,758,elementwise_131072_i8xf32,elementwise,elementwise,131072,,,,,n=131072
TinyLlama,759,elementwise_16384_i8xf32,elementwise,elementwise,16384,,,,,n=16384
TinyLlama,760,elementwise_32x128x32_f32,elementwise,elementwise,32,,,,,n=32
TinyLlama,761,elementwise_4x128x32_f32,elementwise,elementwise,4,,,,,n=4
TinyLlama,762,elementwise_broadcast_4x8x128x64_i32xi8,elementwise,elementwise,4,,,,,n=4
TinyLlama,767,elementwise_32768_f32xi8,elementwise,elementwise,32768,,,,,n=32768
TinyLlama,768,elementwise_transpose_32x128x64_f32xf32xf32xf32xi8,elementwise,elementwise,0,,,,,
TinyLlama,769,elementwise_262144_i8xf32xi8,elementwise,elementwise,262144,,,,,n=262144
TinyLlama,770,elementwise_broadcast_4x8x128x64_f32xf32xi8xf32xf32xi8,elementwise,elementwise,4,,,,,n=4
TinyLlama,771,batch_matmul_32x128x128x64_i8xi8xi32,batch_matmul,opu_mmt4d,67108864,128,128,64,32,"B=32,M=128,N=128,K=64"
TinyLlama,773,batch_matmul_32x128x64x128_i8xi8xi32,batch_matmul,opu_mmt4d,67108864,128,64,128,32,"B=32,M=128,N=64,K=128"
TinyLlama,774,batch_matmul_1x128x2048x2048_i8xi8xi32,batch_matmul,opu_mmt4d,1073741824,128,2048,2048,1,"B=1,M=128,N=2048,K=2048"
TinyLlama,775,elementwise_262144_i8xf32,elementwise,elementwise,262144,,,,,n=262144
TinyLlama,776,reduction_128x2048_f32,reduction,reduction,262016,,,,,"d0=128,d1=2048"
TinyLlama,777,elementwise_128_i8xf32xf32,elementwise,elementwise,128,,,,,n=128
TinyLlama,778,elementwise_128x2048_f32xf32xi8,elementwise,elementwise,128,,,,,n=128
TinyLlama,779,elementwise_128x2048_i8,elementwise,elementwise,128,,,,,n=128
TinyLlama,780,batch_matmul_1x128x5632x2048_i8xi8xi32,batch_matmul,opu_mmt4d,2952790016,128,5632,2048,1,"B=1,M=128,N=5632,K=2048"
TinyLlama,781,batch_matmul_1x128x5632x2048_i8xi8xi32,batch_matmul,opu_mmt4d,2952790016,128,5632,2048,1,"B=1,M=128,N=5632,K=2048"
TinyLlama,782,batch_matmul_1x128x2048x5632_i8xi8xi32,batch_matmul,opu_mmt4d,2952790016,128,2048,5632,1,"B=1,M=128,N=2048,K=5632"
TinyLlama,783,elementwise_262144_i8xf32,elementwise,elementwise,262144,,,,,n=262144
TinyLlama,784,reduction_128x2048_f32,reduction,reduction,262016,,,,,"d0=128,d1=2048"
TinyLlama,785,elementwise_128_i8xf32xf32,elementwise,elementwise,128,,,,,n=128
TinyLlama,786,elementwise_128x2048_f32xf32xi8,elementwise,elementwise,128,,,,,n=128
TinyLlama,787,elementwise_128x2048_i8,elementwise,elementwise,128,,,,,n=128
TinyLlama,791,elementwise_262144_i32xi8,elementwise,elementwise,262144,,,,,n=262144
TinyLlama,792,transpose_128x32x64_f32,transpose,elementwise,0,,,,,
TinyLlama,793,elementwise_32768_i32xi8,elementwise,elementwise,32768,,,,,n=32768
TinyLlama,794,transpose_128x4x64_f32,transpose,elementwise,0,,,,,
TinyLlama,795,elementwise_32x128x32_f32xi8,elementwise,elementwise,32,,,,,n=32
TinyLlama,796,elementwise_4x128x32_f32xi8,elementwise,elementwise,4,,,,,n=4
TinyLlama,797,elementwise_131072_i8xf32,elementwise,elementwise,131072,,,,,n=131072
TinyLlama,798,elementwise_16384_i8xf32,elementwise,elementwise,16384,,,,,n=16384
TinyLlama,799,elementwise_32x128x32_f32,elementwise,elementwise,32,,,,,n=32
TinyLlama,800,elementwise_4x128x32_f32,elementwise,elementwise,4,,,,,n=4
TinyLlama,801,elementwise_broadcast_4x8x128x64_i32xi8,elementwise,elementwise,4,,,,,n=4
TinyLlama,806,elementwise_32768_f32xi8,elementwise,elementwise,32768,,,,,n=32768
TinyLlama,807,elementwise_transpose_32x128x64_f32xf32xf32xf32xi8,elementwise,elementwise,0,,,,,
TinyLlama,808,elementwise_262144_i8xf32xi8,elementwise,elementwise,262144,,,,,n=262144
TinyLlama,809,elementwise_broadcast_4x8x128x64_f32xf32xi8xf32xf32xi8,elementwise,elementwise,4,,,,,n=4
TinyLlama,810,batch_matmul_32x128x128x64_i8xi8xi32,batch_matmul,opu_mmt4d,67108864,128,128,64,32,"B=32,M=128,N=128,K=64"
TinyLlama,812,batch_matmul_32x128x64x128_i8xi8xi32,batch_matmul,opu_mmt4d,67108864,128,64,128,32,"B=32,M=128,N=64,K=128"
TinyLlama,813,batch_matmul_1x128x2048x2048_i8xi8xi32,batch_matmul,opu_mmt4d,1073741824,128,2048,2048,1,"B=1,M=128,N=2048,K=2048"
TinyLlama,814,elementwise_262144_i8xf32,elementwise,elementwise,262144,,,,,n=262144
TinyLlama,815,reduction_128x2048_f32,reduction,reduction,262016,,,,,"d0=128,d1=2048"
TinyLlama,816,elementwise_128_i8xf32xf32,elementwise,elementwise,128,,,,,n=128
TinyLlama,817,elementwise_128x2048_f32xf32xi8,elementwise,elementwise,128,,,,,n=128
TinyLlama,818,elementwise_128x2048_i8,elementwise,elementwise,128,,,,,n=128
TinyLlama,819,batch_matmul_1x128x5632x2048_i8xi8xi32,batch_matmul,opu_mmt4d,2952790016,128,5632,2048,1,"B=1,M=128,N=5632,K=2048"
TinyLlama,820,batch_matmul_1x128x5632x2048_i8xi8xi32,batch_matmul,opu_mmt4d,2952790016,128,5632,2048,1,"B=1,M=128,N=5632,K=2048"
TinyLlama,821,batch_matmul_1x128x2048x5632_i8xi8xi32,batch_matmul,opu_mmt4d,2952790016,128,2048,5632,1,"B=1,M=128,N=2048,K=5632"
TinyLlama,822,elementwise_262144_i8xf32,elementwise,elementwise,262144,,,,,n=262144
TinyLlama,823,reduction_128x2048_f32,reduction,reduction,262016,,,,,"d0=128,d1=2048"
TinyLlama,824,elementwise_128_i8xf32xf32,elementwise,elementwise,128,,,,,n=128
TinyLlama,825,elementwise_128x2048_f32xf32xi8,elementwise,elementwise,128,,,,,n=128
TinyLlama,826,elementwise_128x2048_i8,elementwise,elementwise,128,,,,,n=128
TinyLlama,830,elementwise_262144_i32xi8,elementwise,elementwise,262144,,,,,n=262144
TinyLlama,831,transpose_128x32x64_f32,transpose,elementwise,0,,,,,
TinyLlama,832,elementwise_32768_i32xi8,elementwise,elementwise,32768,,,,,n=32768
TinyLlama,833,transpose_128x4x64_f32,transpose,elementwise,0,,,,,
TinyLlama,834,elementwise_32x128x32_f32xi8,elementwise,elementwise,32,,,,,n=32
TinyLlama,835,elementwise_4x128x32_f32xi8,elementwise,elementwise,4,,,,,n=4
TinyLlama,836,elementwise_131072_i8xf32,elementwise,elementwise,131072,,,,,n=131072
TinyLlama,837,elementwise_16384_i8xf32,elementwise,elementwise,16384,,,,,n=16384
TinyLlama,838,elementwise_32x128x32_f32,elementwise,elementwise,32,,,,,n=32
TinyLlama,839,elementwise_4x128x32_f32,elementwise,elementwise,4,,,,,n=4
TinyLlama,840,elementwise_broadcast_4x8x128x64_i32xi8,elementwise,elementwise,4,,,,,n=4
TinyLlama,845,elementwise_32768_f32xi8,elementwise,elementwise,32768,,,,,n=32768
TinyLlama,846,elementwise_transpose_32x128x64_f32xf32xf32xf32xi8,elementwise,elementwise,0,,,,,
TinyLlama,847,elementwise_262144_i8xf32xi8,elementwise,elementwise,262144,,,,,n=262144
TinyLlama,848,elementwise_broadcast_4x8x128x64_f32xf32xi8xf32xf32xi8,elementwise,elementwise,4,,,,,n=4
TinyLlama,849,batch_matmul_32x128x128x64_i8xi8xi32,batch_matmul,opu_mmt4d,67108864,128,128,64,32,"B=32,M=128,N=128,K=64"
TinyLlama,851,batch_matmul_32x128x64x128_i8xi8xi32,batch_matmul,opu_mmt4d,67108864,128,64,128,32,"B=32,M=128,N=64,K=128"
TinyLlama,852,batch_matmul_1x128x2048x2048_i8xi8xi32,batch_matmul,opu_mmt4d,1073741824,128,2048,2048,1,"B=1,M=128,N=2048,K=2048"
TinyLlama,853,elementwise_262144_i8xf32,elementwise,elementwise,262144,,,,,n=262144
TinyLlama,854,reduction_128x2048_f32,reduction,reduction,262016,,,,,"d0=128,d1=2048"
TinyLlama,855,elementwise_128_i8xf32xf32,elementwise,elementwise,128,,,,,n=128
TinyLlama,856,elementwise_128x2048_f32xf32xi8,elementwise,elementwise,128,,,,,n=128
TinyLlama,857,elementwise_128x2048_i8,elementwise,elementwise,128,,,,,n=128
TinyLlama,858,batch_matmul_1x128x5632x2048_i8xi8xi32,batch_matmul,opu_mmt4d,2952790016,128,5632,2048,1,"B=1,M=128,N=5632,K=2048"
TinyLlama,859,batch_matmul_1x128x5632x2048_i8xi8xi32,batch_matmul,opu_mmt4d,2952790016,128,5632,2048,1,"B=1,M=128,N=5632,K=2048"
TinyLlama,860,batch_matmul_1x128x2048x5632_i8xi8xi32,batch_matmul,opu_mmt4d,2952790016,128,2048,5632,1,"B=1,M=128,N=2048,K=5632"
TinyLlama,861,reduction_128x2048_f32,reduction,reduction,262016,,,,,"d0=128,d1=2048"
TinyLlama,862,elementwise_128_i8xf32xf32,elementwise,elementwise,128,,,,,n=128
TinyLlama,863,elementwise_128x2048_f32xf32xi8,elementwise,elementwise,128,,,,,n=128
TinyLlama,864,elementwise_128x2048_i8,elementwise,elementwise,128,,,,,n=128
TinyLlama,865,batch_matmul_1x128x32000x2048_i8xi8xi32,batch_matmul,opu_mmt4d,16777216000,128,32000,2048,1,"B=1,M=128,N=32000,K=2048"
TinyLlama,866,elementwise_4096000_i8xf32,elementwise,elementwise,4096000,,,,,n=4096000
