graph_iter,dispatch_key,dispatch_id,ordinal,total,job_name,module_name,target,vmfb_path,planned_start_us,eligible_us,submit_us,complete_us,residency_us,dep_slip_us,planned_duration_us,ready_us,start_us,end_us,queue_delay_us,run_us,total_latency_us
0,mlp0_dispatch_0,0,1,1,mlp0,mlp$async_dispatch_0_embedded_elf_riscv_64_mlp$async_dispatch_0_elementwise_10_f32xi8,CPU_E,/home/baseline/dispatches/gen/vmfb/mlp/spacemit_x60/scalar/mlp.q.int8/benchmarks/vmfb/module_mlp$async_dispatch_0_embedded_elf_riscv_64_benchmark.vmfb,0,0,160,370,370,0,73,0,160,370,160,210,370
0,dronet_dispatch_0,0,1,1,dronet,mlp$async_dispatch_0_embedded_elf_riscv_64_mlp$async_dispatch_0_elementwise_10_f32xi8,CPU_P,/home/baseline/dispatches/gen/vmfb/mlp/spacemit_x60/RVV/mlp.q.int8/benchmarks/vmfb/module_mlp$async_dispatch_0_embedded_elf_riscv_64_benchmark.vmfb,0,0,106,442,442,0,242,0,106,442,106,336,442
0,mlp0_dispatch_1,1,1,1,mlp0,mlp$async_dispatch_1_embedded_elf_riscv_64_mlp$async_dispatch_1_matmul_1x32x10_i8xi8xi32,CPU_E,/home/baseline/dispatches/gen/vmfb/mlp/spacemit_x60/scalar/mlp.q.int8/benchmarks/vmfb/module_mlp$async_dispatch_1_embedded_elf_riscv_64_benchmark.vmfb,207,370,414,581,211,163,78,370,414,581,44,167,374
0,dronet_dispatch_1,1,1,1,dronet,mlp$async_dispatch_1_embedded_elf_riscv_64_mlp$async_dispatch_1_matmul_1x32x10_i8xi8xi32,CPU_P,/home/baseline/dispatches/gen/vmfb/mlp/spacemit_x60/RVV/mlp.q.int8/benchmarks/vmfb/module_mlp$async_dispatch_1_embedded_elf_riscv_64_benchmark.vmfb,242,442,467,664,222,200,6210,442,467,664,25,197,422
0,mlp0_dispatch_2,2,1,1,mlp0,mlp$async_dispatch_2_embedded_elf_riscv_64_mlp$async_dispatch_2_matmul_1x32x32_i8xi8xi32,CPU_E,/home/baseline/dispatches/gen/vmfb/mlp/spacemit_x60/scalar/mlp.q.int8/benchmarks/vmfb/module_mlp$async_dispatch_2_embedded_elf_riscv_64_benchmark.vmfb,285,581,605,748,167,296,84,581,605,748,24,143,463
0,dronet_dispatch_2,2,1,1,dronet,mlp$async_dispatch_2_embedded_elf_riscv_64_mlp$async_dispatch_2_matmul_1x32x32_i8xi8xi32,CPU_P,/home/baseline/dispatches/gen/vmfb/mlp/spacemit_x60/RVV/mlp.q.int8/benchmarks/vmfb/module_mlp$async_dispatch_2_embedded_elf_riscv_64_benchmark.vmfb,6452,664,687,794,130,0,886,664,687,794,23,107,0
0,mlp0_dispatch_3,3,1,1,mlp0,mlp$async_dispatch_3_embedded_elf_riscv_64_mlp$async_dispatch_3_matmul_1x2x32_i8xi8xi32,CPU_E,/home/baseline/dispatches/gen/vmfb/mlp/spacemit_x60/scalar/mlp.q.int8/benchmarks/vmfb/module_mlp$async_dispatch_3_embedded_elf_riscv_64_benchmark.vmfb,369,748,769,862,114,379,64,748,769,862,21,93,493
0,dronet_dispatch_3,3,1,1,dronet,mlp$async_dispatch_3_embedded_elf_riscv_64_mlp$async_dispatch_3_matmul_1x2x32_i8xi8xi32,CPU_P,/home/baseline/dispatches/gen/vmfb/mlp/spacemit_x60/RVV/mlp.q.int8/benchmarks/vmfb/module_mlp$async_dispatch_3_embedded_elf_riscv_64_benchmark.vmfb,7338,794,814,900,106,0,400,794,814,900,20,86,0
0,mlp0_dispatch_4,4,1,1,mlp0,mlp$async_dispatch_4_embedded_elf_riscv_64_mlp$async_dispatch_4_elementwise_2_i8xf32,CPU_E,/home/baseline/dispatches/gen/vmfb/mlp/spacemit_x60/scalar/mlp.q.int8/benchmarks/vmfb/module_mlp$async_dispatch_4_embedded_elf_riscv_64_benchmark.vmfb,433,862,883,972,110,429,67,862,883,972,21,89,539
0,dronet_dispatch_4,4,1,1,dronet,mlp$async_dispatch_4_embedded_elf_riscv_64_mlp$async_dispatch_4_elementwise_2_i8xf32,CPU_P,/home/baseline/dispatches/gen/vmfb/mlp/spacemit_x60/RVV/mlp.q.int8/benchmarks/vmfb/module_mlp$async_dispatch_4_embedded_elf_riscv_64_benchmark.vmfb,7738,900,923,1006,106,0,3990,900,923,1006,23,83,0
0,mlp1_dispatch_0,0,1,1,mlp1,mlp$async_dispatch_0_embedded_elf_riscv_64_mlp$async_dispatch_0_elementwise_10_f32xi8,CPU_E,/home/baseline/dispatches/gen/vmfb/mlp/spacemit_x60/scalar/mlp.q.int8/benchmarks/vmfb/module_mlp$async_dispatch_0_embedded_elf_riscv_64_benchmark.vmfb,2134,2134,2138,2260,126,0,73,2134,2138,2260,4,122,126
0,mlp1_dispatch_1,1,1,1,mlp1,mlp$async_dispatch_1_embedded_elf_riscv_64_mlp$async_dispatch_1_matmul_1x32x10_i8xi8xi32,CPU_E,/home/baseline/dispatches/gen/vmfb/mlp/spacemit_x60/scalar/mlp.q.int8/benchmarks/vmfb/module_mlp$async_dispatch_1_embedded_elf_riscv_64_benchmark.vmfb,2207,2260,2285,2399,139,53,78,2260,2285,2399,25,114,192
0,mlp1_dispatch_2,2,1,1,mlp1,mlp$async_dispatch_2_embedded_elf_riscv_64_mlp$async_dispatch_2_matmul_1x32x32_i8xi8xi32,CPU_E,/home/baseline/dispatches/gen/vmfb/mlp/spacemit_x60/scalar/mlp.q.int8/benchmarks/vmfb/module_mlp$async_dispatch_2_embedded_elf_riscv_64_benchmark.vmfb,2285,2399,2625,2764,365,114,84,2399,2625,2764,226,139,479
0,mlp1_dispatch_3,3,1,1,mlp1,mlp$async_dispatch_3_embedded_elf_riscv_64_mlp$async_dispatch_3_matmul_1x2x32_i8xi8xi32,CPU_E,/home/baseline/dispatches/gen/vmfb/mlp/spacemit_x60/scalar/mlp.q.int8/benchmarks/vmfb/module_mlp$async_dispatch_3_embedded_elf_riscv_64_benchmark.vmfb,2369,2764,2776,2855,91,395,64,2764,2776,2855,12,79,486
0,mlp1_dispatch_4,4,1,1,mlp1,mlp$async_dispatch_4_embedded_elf_riscv_64_mlp$async_dispatch_4_elementwise_2_i8xf32,CPU_E,/home/baseline/dispatches/gen/vmfb/mlp/spacemit_x60/scalar/mlp.q.int8/benchmarks/vmfb/module_mlp$async_dispatch_4_embedded_elf_riscv_64_benchmark.vmfb,2433,2855,2865,2938,83,422,67,2855,2865,2938,10,73,505
0,mlp2_dispatch_0,0,1,1,mlp2,mlp$async_dispatch_0_embedded_elf_riscv_64_mlp$async_dispatch_0_elementwise_10_f32xi8,CPU_E,/home/baseline/dispatches/gen/vmfb/mlp/spacemit_x60/scalar/mlp.q.int8/benchmarks/vmfb/module_mlp$async_dispatch_0_embedded_elf_riscv_64_benchmark.vmfb,4134,4134,4136,4233,99,0,73,4134,4136,4233,2,97,99
0,mlp2_dispatch_1,1,1,1,mlp2,mlp$async_dispatch_1_embedded_elf_riscv_64_mlp$async_dispatch_1_matmul_1x32x10_i8xi8xi32,CPU_E,/home/baseline/dispatches/gen/vmfb/mlp/spacemit_x60/scalar/mlp.q.int8/benchmarks/vmfb/module_mlp$async_dispatch_1_embedded_elf_riscv_64_benchmark.vmfb,4207,4233,4256,4363,130,26,78,4233,4256,4363,23,107,156
0,mlp2_dispatch_2,2,1,1,mlp2,mlp$async_dispatch_2_embedded_elf_riscv_64_mlp$async_dispatch_2_matmul_1x32x32_i8xi8xi32,CPU_E,/home/baseline/dispatches/gen/vmfb/mlp/spacemit_x60/scalar/mlp.q.int8/benchmarks/vmfb/module_mlp$async_dispatch_2_embedded_elf_riscv_64_benchmark.vmfb,4285,4363,4382,4482,119,78,84,4363,4382,4482,19,100,197
0,mlp2_dispatch_3,3,1,1,mlp2,mlp$async_dispatch_3_embedded_elf_riscv_64_mlp$async_dispatch_3_matmul_1x2x32_i8xi8xi32,CPU_E,/home/baseline/dispatches/gen/vmfb/mlp/spacemit_x60/scalar/mlp.q.int8/benchmarks/vmfb/module_mlp$async_dispatch_3_embedded_elf_riscv_64_benchmark.vmfb,4369,4482,4499,4567,85,113,64,4482,4499,4567,17,68,198
0,mlp2_dispatch_4,4,1,1,mlp2,mlp$async_dispatch_4_embedded_elf_riscv_64_mlp$async_dispatch_4_elementwise_2_i8xf32,CPU_E,/home/baseline/dispatches/gen/vmfb/mlp/spacemit_x60/scalar/mlp.q.int8/benchmarks/vmfb/module_mlp$async_dispatch_4_embedded_elf_riscv_64_benchmark.vmfb,4433,4567,4584,4654,87,134,67,4567,4584,4654,17,70,221
0,dronet_dispatch_5,5,1,1,dronet,dronet$async_dispatch_5_embedded_elf_riscv_64_dronet$async_dispatch_5_conv_32x14x14x32x3x3_i8xi8xi32,CPU_P,/home/baseline/dispatches/gen/vmfb/dronet/spacemit_x60/RVV/dronet.q.int8/benchmarks/vmfb/module_dronet$async_dispatch_5_embedded_elf_riscv_64_benchmark.vmfb,11728,1006,1026,5713,4707,0,4300,1006,1026,5713,20,4687,0
0,mlp3_dispatch_0,0,1,1,mlp3,mlp$async_dispatch_0_embedded_elf_riscv_64_mlp$async_dispatch_0_elementwise_10_f32xi8,CPU_E,/home/baseline/dispatches/gen/vmfb/mlp/spacemit_x60/scalar/mlp.q.int8/benchmarks/vmfb/module_mlp$async_dispatch_0_embedded_elf_riscv_64_benchmark.vmfb,6134,6134,6135,6211,77,0,73,6134,6135,6211,1,76,77
0,mlp3_dispatch_1,1,1,1,mlp3,mlp$async_dispatch_1_embedded_elf_riscv_64_mlp$async_dispatch_1_matmul_1x32x10_i8xi8xi32,CPU_E,/home/baseline/dispatches/gen/vmfb/mlp/spacemit_x60/scalar/mlp.q.int8/benchmarks/vmfb/module_mlp$async_dispatch_1_embedded_elf_riscv_64_benchmark.vmfb,6207,6211,6234,6314,103,4,78,6211,6234,6314,23,80,107
0,mlp3_dispatch_2,2,1,1,mlp3,mlp$async_dispatch_2_embedded_elf_riscv_64_mlp$async_dispatch_2_matmul_1x32x32_i8xi8xi32,CPU_E,/home/baseline/dispatches/gen/vmfb/mlp/spacemit_x60/scalar/mlp.q.int8/benchmarks/vmfb/module_mlp$async_dispatch_2_embedded_elf_riscv_64_benchmark.vmfb,6285,6314,6335,6409,95,29,84,6314,6335,6409,21,74,124
0,mlp3_dispatch_3,3,1,1,mlp3,mlp$async_dispatch_3_embedded_elf_riscv_64_mlp$async_dispatch_3_matmul_1x2x32_i8xi8xi32,CPU_E,/home/baseline/dispatches/gen/vmfb/mlp/spacemit_x60/scalar/mlp.q.int8/benchmarks/vmfb/module_mlp$async_dispatch_3_embedded_elf_riscv_64_benchmark.vmfb,6369,6409,6425,6481,72,40,64,6409,6425,6481,16,56,112
0,mlp3_dispatch_4,4,1,1,mlp3,mlp$async_dispatch_4_embedded_elf_riscv_64_mlp$async_dispatch_4_elementwise_2_i8xf32,CPU_E,/home/baseline/dispatches/gen/vmfb/mlp/spacemit_x60/scalar/mlp.q.int8/benchmarks/vmfb/module_mlp$async_dispatch_4_embedded_elf_riscv_64_benchmark.vmfb,6433,6481,6592,6659,178,48,67,6481,6592,6659,111,67,226
0,dronet_dispatch_6,6,1,1,dronet,dronet$async_dispatch_6_embedded_elf_riscv_64_dronet$async_dispatch_6_reduction_32x14x14x32_i8xi8xi32,CPU_P,/home/baseline/dispatches/gen/vmfb/dronet/spacemit_x60/RVV/dronet.q.int8/benchmarks/vmfb/module_dronet$async_dispatch_6_embedded_elf_riscv_64_benchmark.vmfb,16028,5713,5740,7010,1297,0,1000,5713,5740,7010,27,1270,0
0,dronet_dispatch_7,7,1,1,dronet,dronet$async_dispatch_7_embedded_elf_riscv_64_dronet$async_dispatch_7_elementwise_32x14x14_i8xf32xi8,CPU_P,/home/baseline/dispatches/gen/vmfb/dronet/spacemit_x60/RVV/dronet.q.int8/benchmarks/vmfb/module_dronet$async_dispatch_7_embedded_elf_riscv_64_benchmark.vmfb,17028,7010,7035,7467,457,0,314,7010,7035,7467,25,432,0
0,mlp4_dispatch_0,0,1,1,mlp4,mlp$async_dispatch_0_embedded_elf_riscv_64_mlp$async_dispatch_0_elementwise_10_f32xi8,CPU_E,/home/baseline/dispatches/gen/vmfb/mlp/spacemit_x60/scalar/mlp.q.int8/benchmarks/vmfb/module_mlp$async_dispatch_0_embedded_elf_riscv_64_benchmark.vmfb,8000,8000,8002,8083,83,0,73,8000,8002,8083,2,81,83
0,mlp4_dispatch_1,1,1,1,mlp4,mlp$async_dispatch_1_embedded_elf_riscv_64_mlp$async_dispatch_1_matmul_1x32x10_i8xi8xi32,CPU_E,/home/baseline/dispatches/gen/vmfb/mlp/spacemit_x60/scalar/mlp.q.int8/benchmarks/vmfb/module_mlp$async_dispatch_1_embedded_elf_riscv_64_benchmark.vmfb,8207,8083,8106,8212,129,0,78,8083,8106,8212,23,106,5
0,mlp4_dispatch_2,2,1,1,mlp4,mlp$async_dispatch_2_embedded_elf_riscv_64_mlp$async_dispatch_2_matmul_1x32x32_i8xi8xi32,CPU_E,/home/baseline/dispatches/gen/vmfb/mlp/spacemit_x60/scalar/mlp.q.int8/benchmarks/vmfb/module_mlp$async_dispatch_2_embedded_elf_riscv_64_benchmark.vmfb,8285,8212,8232,8321,109,0,84,8212,8232,8321,20,89,36
0,mlp4_dispatch_3,3,1,1,mlp4,mlp$async_dispatch_3_embedded_elf_riscv_64_mlp$async_dispatch_3_matmul_1x2x32_i8xi8xi32,CPU_E,/home/baseline/dispatches/gen/vmfb/mlp/spacemit_x60/scalar/mlp.q.int8/benchmarks/vmfb/module_mlp$async_dispatch_3_embedded_elf_riscv_64_benchmark.vmfb,8369,8321,8340,8403,82,0,64,8321,8340,8403,19,63,34
0,mlp4_dispatch_4,4,1,1,mlp4,mlp$async_dispatch_4_embedded_elf_riscv_64_mlp$async_dispatch_4_elementwise_2_i8xf32,CPU_E,/home/baseline/dispatches/gen/vmfb/mlp/spacemit_x60/scalar/mlp.q.int8/benchmarks/vmfb/module_mlp$async_dispatch_4_embedded_elf_riscv_64_benchmark.vmfb,8433,8403,8421,8477,74,0,67,8403,8421,8477,18,56,44
0,dronet_dispatch_8,8,1,1,dronet,dronet$async_dispatch_8_embedded_elf_riscv_64_dronet$async_dispatch_8_conv_64x7x7x32x3x3_i8xi8xi32,CPU_P,/home/baseline/dispatches/gen/vmfb/dronet/spacemit_x60/RVV/dronet.q.int8/benchmarks/vmfb/module_dronet$async_dispatch_8_embedded_elf_riscv_64_benchmark.vmfb,17342,7467,7490,9954,2487,0,2330,7467,7490,9954,23,2464,0
0,mlp5_dispatch_0,0,1,1,mlp5,mlp$async_dispatch_0_embedded_elf_riscv_64_mlp$async_dispatch_0_elementwise_10_f32xi8,CPU_E,/home/baseline/dispatches/gen/vmfb/mlp/spacemit_x60/scalar/mlp.q.int8/benchmarks/vmfb/module_mlp$async_dispatch_0_embedded_elf_riscv_64_benchmark.vmfb,10000,10000,10001,10068,68,0,73,10000,10001,10068,1,67,68
0,mlp5_dispatch_1,1,1,1,mlp5,mlp$async_dispatch_1_embedded_elf_riscv_64_mlp$async_dispatch_1_matmul_1x32x10_i8xi8xi32,CPU_E,/home/baseline/dispatches/gen/vmfb/mlp/spacemit_x60/scalar/mlp.q.int8/benchmarks/vmfb/module_mlp$async_dispatch_1_embedded_elf_riscv_64_benchmark.vmfb,10207,10068,10087,10167,99,0,78,10068,10087,10167,19,80,0
0,mlp5_dispatch_2,2,1,1,mlp5,mlp$async_dispatch_2_embedded_elf_riscv_64_mlp$async_dispatch_2_matmul_1x32x32_i8xi8xi32,CPU_E,/home/baseline/dispatches/gen/vmfb/mlp/spacemit_x60/scalar/mlp.q.int8/benchmarks/vmfb/module_mlp$async_dispatch_2_embedded_elf_riscv_64_benchmark.vmfb,10285,10167,10186,10262,95,0,84,10167,10186,10262,19,76,0
0,mlp5_dispatch_3,3,1,1,mlp5,mlp$async_dispatch_3_embedded_elf_riscv_64_mlp$async_dispatch_3_matmul_1x2x32_i8xi8xi32,CPU_E,/home/baseline/dispatches/gen/vmfb/mlp/spacemit_x60/scalar/mlp.q.int8/benchmarks/vmfb/module_mlp$async_dispatch_3_embedded_elf_riscv_64_benchmark.vmfb,10369,10262,10350,10415,153,0,64,10262,10350,10415,88,65,46
0,mlp5_dispatch_4,4,1,1,mlp5,mlp$async_dispatch_4_embedded_elf_riscv_64_mlp$async_dispatch_4_elementwise_2_i8xf32,CPU_E,/home/baseline/dispatches/gen/vmfb/mlp/spacemit_x60/scalar/mlp.q.int8/benchmarks/vmfb/module_mlp$async_dispatch_4_embedded_elf_riscv_64_benchmark.vmfb,10433,10415,10430,10484,69,0,67,10415,10430,10484,15,54,51
0,mlp6_dispatch_0,0,1,1,mlp6,mlp$async_dispatch_0_embedded_elf_riscv_64_mlp$async_dispatch_0_elementwise_10_f32xi8,CPU_E,/home/baseline/dispatches/gen/vmfb/mlp/spacemit_x60/scalar/mlp.q.int8/benchmarks/vmfb/module_mlp$async_dispatch_0_embedded_elf_riscv_64_benchmark.vmfb,12000,12000,12002,12075,75,0,73,12000,12002,12075,2,73,75
0,mlp6_dispatch_1,1,1,1,mlp6,mlp$async_dispatch_1_embedded_elf_riscv_64_mlp$async_dispatch_1_matmul_1x32x10_i8xi8xi32,CPU_E,/home/baseline/dispatches/gen/vmfb/mlp/spacemit_x60/scalar/mlp.q.int8/benchmarks/vmfb/module_mlp$async_dispatch_1_embedded_elf_riscv_64_benchmark.vmfb,12207,12075,12095,12169,94,0,78,12075,12095,12169,20,74,0
0,mlp6_dispatch_2,2,1,1,mlp6,mlp$async_dispatch_2_embedded_elf_riscv_64_mlp$async_dispatch_2_matmul_1x32x32_i8xi8xi32,CPU_E,/home/baseline/dispatches/gen/vmfb/mlp/spacemit_x60/scalar/mlp.q.int8/benchmarks/vmfb/module_mlp$async_dispatch_2_embedded_elf_riscv_64_benchmark.vmfb,12285,12169,12185,12260,91,0,84,12169,12185,12260,16,75,0
0,mlp6_dispatch_3,3,1,1,mlp6,mlp$async_dispatch_3_embedded_elf_riscv_64_mlp$async_dispatch_3_matmul_1x2x32_i8xi8xi32,CPU_E,/home/baseline/dispatches/gen/vmfb/mlp/spacemit_x60/scalar/mlp.q.int8/benchmarks/vmfb/module_mlp$async_dispatch_3_embedded_elf_riscv_64_benchmark.vmfb,12369,12260,12275,12330,70,0,64,12260,12275,12330,15,55,0
0,mlp6_dispatch_4,4,1,1,mlp6,mlp$async_dispatch_4_embedded_elf_riscv_64_mlp$async_dispatch_4_elementwise_2_i8xf32,CPU_E,/home/baseline/dispatches/gen/vmfb/mlp/spacemit_x60/scalar/mlp.q.int8/benchmarks/vmfb/module_mlp$async_dispatch_4_embedded_elf_riscv_64_benchmark.vmfb,12433,12330,12346,12397,67,0,67,12330,12346,12397,16,51,0
0,mlp7_dispatch_0,0,1,1,mlp7,mlp$async_dispatch_0_embedded_elf_riscv_64_mlp$async_dispatch_0_elementwise_10_f32xi8,CPU_E,/home/baseline/dispatches/gen/vmfb/mlp/spacemit_x60/scalar/mlp.q.int8/benchmarks/vmfb/module_mlp$async_dispatch_0_embedded_elf_riscv_64_benchmark.vmfb,14000,14000,14001,14069,69,0,73,14000,14001,14069,1,68,69
0,mlp7_dispatch_1,1,1,1,mlp7,mlp$async_dispatch_1_embedded_elf_riscv_64_mlp$async_dispatch_1_matmul_1x32x10_i8xi8xi32,CPU_E,/home/baseline/dispatches/gen/vmfb/mlp/spacemit_x60/scalar/mlp.q.int8/benchmarks/vmfb/module_mlp$async_dispatch_1_embedded_elf_riscv_64_benchmark.vmfb,14073,14069,14089,14157,88,0,78,14069,14089,14157,20,68,84
0,mlp7_dispatch_2,2,1,1,mlp7,mlp$async_dispatch_2_embedded_elf_riscv_64_mlp$async_dispatch_2_matmul_1x32x32_i8xi8xi32,CPU_E,/home/baseline/dispatches/gen/vmfb/mlp/spacemit_x60/scalar/mlp.q.int8/benchmarks/vmfb/module_mlp$async_dispatch_2_embedded_elf_riscv_64_benchmark.vmfb,14151,14157,14174,14244,87,6,84,14157,14174,14244,17,70,93
0,mlp7_dispatch_3,3,1,1,mlp7,mlp$async_dispatch_3_embedded_elf_riscv_64_mlp$async_dispatch_3_matmul_1x2x32_i8xi8xi32,CPU_E,/home/baseline/dispatches/gen/vmfb/mlp/spacemit_x60/scalar/mlp.q.int8/benchmarks/vmfb/module_mlp$async_dispatch_3_embedded_elf_riscv_64_benchmark.vmfb,14235,14244,14261,14315,71,9,64,14244,14261,14315,17,54,80
0,mlp7_dispatch_4,4,1,1,mlp7,mlp$async_dispatch_4_embedded_elf_riscv_64_mlp$async_dispatch_4_elementwise_2_i8xf32,CPU_E,/home/baseline/dispatches/gen/vmfb/mlp/spacemit_x60/scalar/mlp.q.int8/benchmarks/vmfb/module_mlp$async_dispatch_4_embedded_elf_riscv_64_benchmark.vmfb,14299,14315,14330,14380,65,16,67,14315,14330,14380,15,50,81
0,dronet_dispatch_9,9,1,1,dronet,dronet$async_dispatch_9_embedded_elf_riscv_64_dronet$async_dispatch_9_conv_64x7x7x64x3x3_i8xi8xi32,CPU_P,/home/baseline/dispatches/gen/vmfb/dronet/spacemit_x60/RVV/dronet.q.int8/benchmarks/vmfb/module_dronet$async_dispatch_9_embedded_elf_riscv_64_benchmark.vmfb,19672,9954,9976,14609,4655,0,4260,9954,9976,14609,22,4633,0
0,dronet_dispatch_10,10,1,1,dronet,dronet$async_dispatch_10_embedded_elf_riscv_64_dronet$async_dispatch_10_reduction_64x7x7x32_i8xi8xi32,CPU_P,/home/baseline/dispatches/gen/vmfb/dronet/spacemit_x60/RVV/dronet.q.int8/benchmarks/vmfb/module_dronet$async_dispatch_10_embedded_elf_riscv_64_benchmark.vmfb,23932,14609,14636,14916,307,0,203,14609,14636,14916,27,280,0
0,dronet_dispatch_11,11,1,1,dronet,dronet$async_dispatch_11_embedded_elf_riscv_64_dronet$async_dispatch_11_elementwise_64x7x7_i8xf32xi8,CPU_P,/home/baseline/dispatches/gen/vmfb/dronet/spacemit_x60/RVV/dronet.q.int8/benchmarks/vmfb/module_dronet$async_dispatch_11_embedded_elf_riscv_64_benchmark.vmfb,24135,14916,14938,15205,289,0,212,14916,14938,15205,22,267,0
0,mlp8_dispatch_0,0,1,1,mlp8,mlp$async_dispatch_0_embedded_elf_riscv_64_mlp$async_dispatch_0_elementwise_10_f32xi8,CPU_E,/home/baseline/dispatches/gen/vmfb/mlp/spacemit_x60/scalar/mlp.q.int8/benchmarks/vmfb/module_mlp$async_dispatch_0_embedded_elf_riscv_64_benchmark.vmfb,16000,16000,16003,16071,71,0,73,16000,16003,16071,3,68,71
0,mlp8_dispatch_1,1,1,1,mlp8,mlp$async_dispatch_1_embedded_elf_riscv_64_mlp$async_dispatch_1_matmul_1x32x10_i8xi8xi32,CPU_E,/home/baseline/dispatches/gen/vmfb/mlp/spacemit_x60/scalar/mlp.q.int8/benchmarks/vmfb/module_mlp$async_dispatch_1_embedded_elf_riscv_64_benchmark.vmfb,16207,16071,16094,16173,102,0,78,16071,16094,16173,23,79,0
0,mlp8_dispatch_2,2,1,1,mlp8,mlp$async_dispatch_2_embedded_elf_riscv_64_mlp$async_dispatch_2_matmul_1x32x32_i8xi8xi32,CPU_E,/home/baseline/dispatches/gen/vmfb/mlp/spacemit_x60/scalar/mlp.q.int8/benchmarks/vmfb/module_mlp$async_dispatch_2_embedded_elf_riscv_64_benchmark.vmfb,16285,16173,16194,16268,95,0,84,16173,16194,16268,21,74,0
0,mlp8_dispatch_3,3,1,1,mlp8,mlp$async_dispatch_3_embedded_elf_riscv_64_mlp$async_dispatch_3_matmul_1x2x32_i8xi8xi32,CPU_E,/home/baseline/dispatches/gen/vmfb/mlp/spacemit_x60/scalar/mlp.q.int8/benchmarks/vmfb/module_mlp$async_dispatch_3_embedded_elf_riscv_64_benchmark.vmfb,16369,16268,16283,16339,71,0,64,16268,16283,16339,15,56,0
0,mlp8_dispatch_4,4,1,1,mlp8,mlp$async_dispatch_4_embedded_elf_riscv_64_mlp$async_dispatch_4_elementwise_2_i8xf32,CPU_E,/home/baseline/dispatches/gen/vmfb/mlp/spacemit_x60/scalar/mlp.q.int8/benchmarks/vmfb/module_mlp$async_dispatch_4_embedded_elf_riscv_64_benchmark.vmfb,16433,16339,16355,16410,71,0,67,16339,16355,16410,16,55,0
0,dronet_dispatch_12,12,1,1,dronet,dronet$async_dispatch_12_embedded_elf_riscv_64_dronet$async_dispatch_12_conv_128x4x4x64x3x3_i8xi8xi32,CPU_P,/home/baseline/dispatches/gen/vmfb/dronet/spacemit_x60/RVV/dronet.q.int8/benchmarks/vmfb/module_dronet$async_dispatch_12_embedded_elf_riscv_64_benchmark.vmfb,24347,15205,15224,17906,2701,0,2630,15205,15224,17906,19,2682,0
0,mlp9_dispatch_0,0,1,1,mlp9,mlp$async_dispatch_0_embedded_elf_riscv_64_mlp$async_dispatch_0_elementwise_10_f32xi8,CPU_E,/home/baseline/dispatches/gen/vmfb/mlp/spacemit_x60/scalar/mlp.q.int8/benchmarks/vmfb/module_mlp$async_dispatch_0_embedded_elf_riscv_64_benchmark.vmfb,18000,18000,18002,18062,62,0,73,18000,18002,18062,2,60,62
0,mlp9_dispatch_1,1,1,1,mlp9,mlp$async_dispatch_1_embedded_elf_riscv_64_mlp$async_dispatch_1_matmul_1x32x10_i8xi8xi32,CPU_E,/home/baseline/dispatches/gen/vmfb/mlp/spacemit_x60/scalar/mlp.q.int8/benchmarks/vmfb/module_mlp$async_dispatch_1_embedded_elf_riscv_64_benchmark.vmfb,18207,18062,18083,18160,98,0,78,18062,18083,18160,21,77,0
0,mlp9_dispatch_2,2,1,1,mlp9,mlp$async_dispatch_2_embedded_elf_riscv_64_mlp$async_dispatch_2_matmul_1x32x32_i8xi8xi32,CPU_E,/home/baseline/dispatches/gen/vmfb/mlp/spacemit_x60/scalar/mlp.q.int8/benchmarks/vmfb/module_mlp$async_dispatch_2_embedded_elf_riscv_64_benchmark.vmfb,18285,18160,18180,18250,90,0,84,18160,18180,18250,20,70,0
0,mlp9_dispatch_3,3,1,1,mlp9,mlp$async_dispatch_3_embedded_elf_riscv_64_mlp$async_dispatch_3_matmul_1x2x32_i8xi8xi32,CPU_E,/home/baseline/dispatches/gen/vmfb/mlp/spacemit_x60/scalar/mlp.q.int8/benchmarks/vmfb/module_mlp$async_dispatch_3_embedded_elf_riscv_64_benchmark.vmfb,18369,18250,18325,18388,138,0,64,18250,18325,18388,75,63,19
0,mlp9_dispatch_4,4,1,1,mlp9,mlp$async_dispatch_4_embedded_elf_riscv_64_mlp$async_dispatch_4_elementwise_2_i8xf32,CPU_E,/home/baseline/dispatches/gen/vmfb/mlp/spacemit_x60/scalar/mlp.q.int8/benchmarks/vmfb/module_mlp$async_dispatch_4_embedded_elf_riscv_64_benchmark.vmfb,18433,18388,18406,18459,71,0,67,18388,18406,18459,18,53,26
0,mlp10_dispatch_0,0,1,1,mlp10,mlp$async_dispatch_0_embedded_elf_riscv_64_mlp$async_dispatch_0_elementwise_10_f32xi8,CPU_E,/home/baseline/dispatches/gen/vmfb/mlp/spacemit_x60/scalar/mlp.q.int8/benchmarks/vmfb/module_mlp$async_dispatch_0_embedded_elf_riscv_64_benchmark.vmfb,20000,20000,20001,20061,61,0,73,20000,20001,20061,1,60,61
0,mlp10_dispatch_1,1,1,1,mlp10,mlp$async_dispatch_1_embedded_elf_riscv_64_mlp$async_dispatch_1_matmul_1x32x10_i8xi8xi32,CPU_E,/home/baseline/dispatches/gen/vmfb/mlp/spacemit_x60/scalar/mlp.q.int8/benchmarks/vmfb/module_mlp$async_dispatch_1_embedded_elf_riscv_64_benchmark.vmfb,20207,20061,20079,20148,87,0,78,20061,20079,20148,18,69,0
0,mlp10_dispatch_2,2,1,1,mlp10,mlp$async_dispatch_2_embedded_elf_riscv_64_mlp$async_dispatch_2_matmul_1x32x32_i8xi8xi32,CPU_E,/home/baseline/dispatches/gen/vmfb/mlp/spacemit_x60/scalar/mlp.q.int8/benchmarks/vmfb/module_mlp$async_dispatch_2_embedded_elf_riscv_64_benchmark.vmfb,20285,20148,20164,20235,87,0,84,20148,20164,20235,16,71,0
0,mlp10_dispatch_3,3,1,1,mlp10,mlp$async_dispatch_3_embedded_elf_riscv_64_mlp$async_dispatch_3_matmul_1x2x32_i8xi8xi32,CPU_E,/home/baseline/dispatches/gen/vmfb/mlp/spacemit_x60/scalar/mlp.q.int8/benchmarks/vmfb/module_mlp$async_dispatch_3_embedded_elf_riscv_64_benchmark.vmfb,20369,20235,20251,20304,69,0,64,20235,20251,20304,16,53,0
0,mlp10_dispatch_4,4,1,1,mlp10,mlp$async_dispatch_4_embedded_elf_riscv_64_mlp$async_dispatch_4_elementwise_2_i8xf32,CPU_E,/home/baseline/dispatches/gen/vmfb/mlp/spacemit_x60/scalar/mlp.q.int8/benchmarks/vmfb/module_mlp$async_dispatch_4_embedded_elf_riscv_64_benchmark.vmfb,20433,20304,20322,20373,69,0,67,20304,20322,20373,18,51,0
0,mlp11_dispatch_0,0,1,1,mlp11,mlp$async_dispatch_0_embedded_elf_riscv_64_mlp$async_dispatch_0_elementwise_10_f32xi8,CPU_E,/home/baseline/dispatches/gen/vmfb/mlp/spacemit_x60/scalar/mlp.q.int8/benchmarks/vmfb/module_mlp$async_dispatch_0_embedded_elf_riscv_64_benchmark.vmfb,22000,22000,22001,22059,59,0,73,22000,22001,22059,1,58,59
0,mlp11_dispatch_1,1,1,1,mlp11,mlp$async_dispatch_1_embedded_elf_riscv_64_mlp$async_dispatch_1_matmul_1x32x10_i8xi8xi32,CPU_E,/home/baseline/dispatches/gen/vmfb/mlp/spacemit_x60/scalar/mlp.q.int8/benchmarks/vmfb/module_mlp$async_dispatch_1_embedded_elf_riscv_64_benchmark.vmfb,22207,22059,22076,22143,84,0,78,22059,22076,22143,17,67,0
0,mlp11_dispatch_2,2,1,1,mlp11,mlp$async_dispatch_2_embedded_elf_riscv_64_mlp$async_dispatch_2_matmul_1x32x32_i8xi8xi32,CPU_E,/home/baseline/dispatches/gen/vmfb/mlp/spacemit_x60/scalar/mlp.q.int8/benchmarks/vmfb/module_mlp$async_dispatch_2_embedded_elf_riscv_64_benchmark.vmfb,22285,22143,22160,22228,85,0,84,22143,22160,22228,17,68,0
0,mlp11_dispatch_3,3,1,1,mlp11,mlp$async_dispatch_3_embedded_elf_riscv_64_mlp$async_dispatch_3_matmul_1x2x32_i8xi8xi32,CPU_E,/home/baseline/dispatches/gen/vmfb/mlp/spacemit_x60/scalar/mlp.q.int8/benchmarks/vmfb/module_mlp$async_dispatch_3_embedded_elf_riscv_64_benchmark.vmfb,22369,22228,22246,22298,70,0,64,22228,22246,22298,18,52,0
0,mlp11_dispatch_4,4,1,1,mlp11,mlp$async_dispatch_4_embedded_elf_riscv_64_mlp$async_dispatch_4_elementwise_2_i8xf32,CPU_E,/home/baseline/dispatches/gen/vmfb/mlp/spacemit_x60/scalar/mlp.q.int8/benchmarks/vmfb/module_mlp$async_dispatch_4_embedded_elf_riscv_64_benchmark.vmfb,22433,22298,22314,22363,65,0,67,22298,22314,22363,16,49,0
0,dronet_dispatch_13,13,1,1,dronet,dronet$async_dispatch_13_embedded_elf_riscv_64_dronet$async_dispatch_13_conv_128x4x4x128x3x3_i8xi8xi32,CPU_P,/home/baseline/dispatches/gen/vmfb/dronet/spacemit_x60/RVV/dronet.q.int8/benchmarks/vmfb/module_dronet$async_dispatch_13_embedded_elf_riscv_64_benchmark.vmfb,26977,17906,17928,22876,4970,0,4900,17906,17928,22876,22,4948,0
0,dronet_dispatch_14,14,1,1,dronet,dronet$async_dispatch_14_embedded_elf_riscv_64_dronet$async_dispatch_14_reduction_128x4x4x64_i8xi8xi32,CPU_P,/home/baseline/dispatches/gen/vmfb/dronet/spacemit_x60/RVV/dronet.q.int8/benchmarks/vmfb/module_dronet$async_dispatch_14_embedded_elf_riscv_64_benchmark.vmfb,31877,22876,23002,23505,629,0,411,22876,23002,23505,126,503,0
0,dronet_dispatch_15,15,1,1,dronet,dronet$async_dispatch_15_embedded_elf_riscv_64_dronet$async_dispatch_15_elementwise_2048_f32xi8,CPU_P,/home/baseline/dispatches/gen/vmfb/dronet/spacemit_x60/RVV/dronet.q.int8/benchmarks/vmfb/module_dronet$async_dispatch_15_embedded_elf_riscv_64_benchmark.vmfb,32288,23505,23527,23697,192,0,125,23505,23527,23697,22,170,0
0,mlp12_dispatch_0,0,1,1,mlp12,mlp$async_dispatch_0_embedded_elf_riscv_64_mlp$async_dispatch_0_elementwise_10_f32xi8,CPU_E,/home/baseline/dispatches/gen/vmfb/mlp/spacemit_x60/scalar/mlp.q.int8/benchmarks/vmfb/module_mlp$async_dispatch_0_embedded_elf_riscv_64_benchmark.vmfb,24000,24000,24002,24064,64,0,73,24000,24002,24064,2,62,64
0,mlp12_dispatch_1,1,1,1,mlp12,mlp$async_dispatch_1_embedded_elf_riscv_64_mlp$async_dispatch_1_matmul_1x32x10_i8xi8xi32,CPU_E,/home/baseline/dispatches/gen/vmfb/mlp/spacemit_x60/scalar/mlp.q.int8/benchmarks/vmfb/module_mlp$async_dispatch_1_embedded_elf_riscv_64_benchmark.vmfb,24207,24064,24090,24170,106,0,78,24064,24090,24170,26,80,0
0,mlp12_dispatch_2,2,1,1,mlp12,mlp$async_dispatch_2_embedded_elf_riscv_64_mlp$async_dispatch_2_matmul_1x32x32_i8xi8xi32,CPU_E,/home/baseline/dispatches/gen/vmfb/mlp/spacemit_x60/scalar/mlp.q.int8/benchmarks/vmfb/module_mlp$async_dispatch_2_embedded_elf_riscv_64_benchmark.vmfb,24285,24170,24196,24269,99,0,84,24170,24196,24269,26,73,0
0,mlp12_dispatch_3,3,1,1,mlp12,mlp$async_dispatch_3_embedded_elf_riscv_64_mlp$async_dispatch_3_matmul_1x2x32_i8xi8xi32,CPU_E,/home/baseline/dispatches/gen/vmfb/mlp/spacemit_x60/scalar/mlp.q.int8/benchmarks/vmfb/module_mlp$async_dispatch_3_embedded_elf_riscv_64_benchmark.vmfb,24369,24269,24292,24349,80,0,64,24269,24292,24349,23,57,0
0,mlp12_dispatch_4,4,1,1,mlp12,mlp$async_dispatch_4_embedded_elf_riscv_64_mlp$async_dispatch_4_elementwise_2_i8xf32,CPU_E,/home/baseline/dispatches/gen/vmfb/mlp/spacemit_x60/scalar/mlp.q.int8/benchmarks/vmfb/module_mlp$async_dispatch_4_embedded_elf_riscv_64_benchmark.vmfb,24433,24349,24371,24424,75,0,67,24349,24371,24424,22,53,0
0,mlp13_dispatch_0,0,1,1,mlp13,mlp$async_dispatch_0_embedded_elf_riscv_64_mlp$async_dispatch_0_elementwise_10_f32xi8,CPU_E,/home/baseline/dispatches/gen/vmfb/mlp/spacemit_x60/scalar/mlp.q.int8/benchmarks/vmfb/module_mlp$async_dispatch_0_embedded_elf_riscv_64_benchmark.vmfb,26000,26000,26001,26057,57,0,73,26000,26001,26057,1,56,57
0,mlp13_dispatch_1,1,1,1,mlp13,mlp$async_dispatch_1_embedded_elf_riscv_64_mlp$async_dispatch_1_matmul_1x32x10_i8xi8xi32,CPU_E,/home/baseline/dispatches/gen/vmfb/mlp/spacemit_x60/scalar/mlp.q.int8/benchmarks/vmfb/module_mlp$async_dispatch_1_embedded_elf_riscv_64_benchmark.vmfb,26207,26057,26080,26147,90,0,78,26057,26080,26147,23,67,0
0,mlp13_dispatch_2,2,1,1,mlp13,mlp$async_dispatch_2_embedded_elf_riscv_64_mlp$async_dispatch_2_matmul_1x32x32_i8xi8xi32,CPU_E,/home/baseline/dispatches/gen/vmfb/mlp/spacemit_x60/scalar/mlp.q.int8/benchmarks/vmfb/module_mlp$async_dispatch_2_embedded_elf_riscv_64_benchmark.vmfb,26285,26147,26170,26240,93,0,84,26147,26170,26240,23,70,0
0,mlp13_dispatch_3,3,1,1,mlp13,mlp$async_dispatch_3_embedded_elf_riscv_64_mlp$async_dispatch_3_matmul_1x2x32_i8xi8xi32,CPU_E,/home/baseline/dispatches/gen/vmfb/mlp/spacemit_x60/scalar/mlp.q.int8/benchmarks/vmfb/module_mlp$async_dispatch_3_embedded_elf_riscv_64_benchmark.vmfb,26369,26240,26264,26319,79,0,64,26240,26264,26319,24,55,0
0,mlp13_dispatch_4,4,1,1,mlp13,mlp$async_dispatch_4_embedded_elf_riscv_64_mlp$async_dispatch_4_elementwise_2_i8xf32,CPU_E,/home/baseline/dispatches/gen/vmfb/mlp/spacemit_x60/scalar/mlp.q.int8/benchmarks/vmfb/module_mlp$async_dispatch_4_embedded_elf_riscv_64_benchmark.vmfb,26433,26319,26341,26394,75,0,67,26319,26341,26394,22,53,0
0,mlp14_dispatch_0,0,1,1,mlp14,mlp$async_dispatch_0_embedded_elf_riscv_64_mlp$async_dispatch_0_elementwise_10_f32xi8,CPU_E,/home/baseline/dispatches/gen/vmfb/mlp/spacemit_x60/scalar/mlp.q.int8/benchmarks/vmfb/module_mlp$async_dispatch_0_embedded_elf_riscv_64_benchmark.vmfb,28000,28000,28002,28069,69,0,73,28000,28002,28069,2,67,69
0,mlp14_dispatch_1,1,1,1,mlp14,mlp$async_dispatch_1_embedded_elf_riscv_64_mlp$async_dispatch_1_matmul_1x32x10_i8xi8xi32,CPU_E,/home/baseline/dispatches/gen/vmfb/mlp/spacemit_x60/scalar/mlp.q.int8/benchmarks/vmfb/module_mlp$async_dispatch_1_embedded_elf_riscv_64_benchmark.vmfb,28207,28069,28091,28163,94,0,78,28069,28091,28163,22,72,0
0,mlp14_dispatch_2,2,1,1,mlp14,mlp$async_dispatch_2_embedded_elf_riscv_64_mlp$async_dispatch_2_matmul_1x32x32_i8xi8xi32,CPU_E,/home/baseline/dispatches/gen/vmfb/mlp/spacemit_x60/scalar/mlp.q.int8/benchmarks/vmfb/module_mlp$async_dispatch_2_embedded_elf_riscv_64_benchmark.vmfb,28285,28163,28185,28257,94,0,84,28163,28185,28257,22,72,0
0,mlp14_dispatch_3,3,1,1,mlp14,mlp$async_dispatch_3_embedded_elf_riscv_64_mlp$async_dispatch_3_matmul_1x2x32_i8xi8xi32,CPU_E,/home/baseline/dispatches/gen/vmfb/mlp/spacemit_x60/scalar/mlp.q.int8/benchmarks/vmfb/module_mlp$async_dispatch_3_embedded_elf_riscv_64_benchmark.vmfb,28369,28257,28281,28336,79,0,64,28257,28281,28336,24,55,0
0,mlp14_dispatch_4,4,1,1,mlp14,mlp$async_dispatch_4_embedded_elf_riscv_64_mlp$async_dispatch_4_elementwise_2_i8xf32,CPU_E,/home/baseline/dispatches/gen/vmfb/mlp/spacemit_x60/scalar/mlp.q.int8/benchmarks/vmfb/module_mlp$async_dispatch_4_embedded_elf_riscv_64_benchmark.vmfb,28433,28336,28358,28412,76,0,67,28336,28358,28412,22,54,0
0,mlp15_dispatch_0,0,1,1,mlp15,mlp$async_dispatch_0_embedded_elf_riscv_64_mlp$async_dispatch_0_elementwise_10_f32xi8,CPU_E,/home/baseline/dispatches/gen/vmfb/mlp/spacemit_x60/scalar/mlp.q.int8/benchmarks/vmfb/module_mlp$async_dispatch_0_embedded_elf_riscv_64_benchmark.vmfb,30000,30000,30001,30055,55,0,73,30000,30001,30055,1,54,55
0,mlp15_dispatch_1,1,1,1,mlp15,mlp$async_dispatch_1_embedded_elf_riscv_64_mlp$async_dispatch_1_matmul_1x32x10_i8xi8xi32,CPU_E,/home/baseline/dispatches/gen/vmfb/mlp/spacemit_x60/scalar/mlp.q.int8/benchmarks/vmfb/module_mlp$async_dispatch_1_embedded_elf_riscv_64_benchmark.vmfb,30207,30055,30077,30143,88,0,78,30055,30077,30143,22,66,0
0,mlp15_dispatch_2,2,1,1,mlp15,mlp$async_dispatch_2_embedded_elf_riscv_64_mlp$async_dispatch_2_matmul_1x32x32_i8xi8xi32,CPU_E,/home/baseline/dispatches/gen/vmfb/mlp/spacemit_x60/scalar/mlp.q.int8/benchmarks/vmfb/module_mlp$async_dispatch_2_embedded_elf_riscv_64_benchmark.vmfb,30285,30143,30165,30232,89,0,84,30143,30165,30232,22,67,0
0,mlp15_dispatch_3,3,1,1,mlp15,mlp$async_dispatch_3_embedded_elf_riscv_64_mlp$async_dispatch_3_matmul_1x2x32_i8xi8xi32,CPU_E,/home/baseline/dispatches/gen/vmfb/mlp/spacemit_x60/scalar/mlp.q.int8/benchmarks/vmfb/module_mlp$async_dispatch_3_embedded_elf_riscv_64_benchmark.vmfb,30369,30232,30254,30308,76,0,64,30232,30254,30308,22,54,0
0,mlp15_dispatch_4,4,1,1,mlp15,mlp$async_dispatch_4_embedded_elf_riscv_64_mlp$async_dispatch_4_elementwise_2_i8xf32,CPU_E,/home/baseline/dispatches/gen/vmfb/mlp/spacemit_x60/scalar/mlp.q.int8/benchmarks/vmfb/module_mlp$async_dispatch_4_embedded_elf_riscv_64_benchmark.vmfb,30433,30308,30329,30381,73,0,67,30308,30329,30381,21,52,0
0,mlp16_dispatch_0,0,1,1,mlp16,mlp$async_dispatch_0_embedded_elf_riscv_64_mlp$async_dispatch_0_elementwise_10_f32xi8,CPU_E,/home/baseline/dispatches/gen/vmfb/mlp/spacemit_x60/scalar/mlp.q.int8/benchmarks/vmfb/module_mlp$async_dispatch_0_embedded_elf_riscv_64_benchmark.vmfb,32000,32000,32001,32061,61,0,73,32000,32001,32061,1,60,61
0,mlp16_dispatch_1,1,1,1,mlp16,mlp$async_dispatch_1_embedded_elf_riscv_64_mlp$async_dispatch_1_matmul_1x32x10_i8xi8xi32,CPU_E,/home/baseline/dispatches/gen/vmfb/mlp/spacemit_x60/scalar/mlp.q.int8/benchmarks/vmfb/module_mlp$async_dispatch_1_embedded_elf_riscv_64_benchmark.vmfb,32073,32061,32082,32150,89,0,78,32061,32082,32150,21,68,77
0,mlp16_dispatch_2,2,1,1,mlp16,mlp$async_dispatch_2_embedded_elf_riscv_64_mlp$async_dispatch_2_matmul_1x32x32_i8xi8xi32,CPU_E,/home/baseline/dispatches/gen/vmfb/mlp/spacemit_x60/scalar/mlp.q.int8/benchmarks/vmfb/module_mlp$async_dispatch_2_embedded_elf_riscv_64_benchmark.vmfb,32151,32150,32264,32346,196,0,84,32150,32264,32346,114,82,195
0,mlp16_dispatch_3,3,1,1,mlp16,mlp$async_dispatch_3_embedded_elf_riscv_64_mlp$async_dispatch_3_matmul_1x2x32_i8xi8xi32,CPU_E,/home/baseline/dispatches/gen/vmfb/mlp/spacemit_x60/scalar/mlp.q.int8/benchmarks/vmfb/module_mlp$async_dispatch_3_embedded_elf_riscv_64_benchmark.vmfb,32282,32346,32370,32426,80,64,64,32346,32370,32426,24,56,144
0,mlp16_dispatch_4,4,1,1,mlp16,mlp$async_dispatch_4_embedded_elf_riscv_64_mlp$async_dispatch_4_elementwise_2_i8xf32,CPU_E,/home/baseline/dispatches/gen/vmfb/mlp/spacemit_x60/scalar/mlp.q.int8/benchmarks/vmfb/module_mlp$async_dispatch_4_embedded_elf_riscv_64_benchmark.vmfb,32346,32426,32457,32512,86,80,67,32426,32457,32512,31,55,166
0,dronet_dispatch_16_1,16,1,1,dronet,dronet$async_dispatch_16_embedded_elf_riscv_64_dronet$async_dispatch_16_matmul_1x1x2048_i8xi8xi32,CPU_E,/home/baseline/dispatches/gen/vmfb/dronet/spacemit_x60/scalar/dronet.q.int8/benchmarks/vmfb/module_dronet$async_dispatch_16_embedded_elf_riscv_64_benchmark.vmfb,32413,32426,32534,32672,246,13,82,32426,32534,32672,108,138,259
0,dronet_dispatch_16_2,16,1,1,dronet,dronet$async_dispatch_16_embedded_elf_riscv_64_dronet$async_dispatch_16_matmul_1x1x2048_i8xi8xi32,CPU_E,/home/baseline/dispatches/gen/vmfb/dronet/spacemit_x60/scalar/dronet.q.int8/benchmarks/vmfb/module_dronet$async_dispatch_16_embedded_elf_riscv_64_benchmark.vmfb,32413,32426,32696,32770,344,13,82,32426,32696,32770,270,74,357
0,dronet_dispatch_18,18,1,1,dronet,dronet$async_dispatch_18_embedded_elf_riscv_64_dronet$async_dispatch_18_elementwise,CPU_E,/home/baseline/dispatches/gen/vmfb/dronet/spacemit_x60/scalar/dronet.q.int8/benchmarks/vmfb/module_dronet$async_dispatch_18_embedded_elf_riscv_64_benchmark.vmfb,32495,32770,32794,32900,130,275,72,32770,32794,32900,24,106,405
0,dronet_dispatch_19,19,1,1,dronet,dronet$async_dispatch_19_embedded_elf_riscv_64_dronet$async_dispatch_19_elementwise,CPU_P,/home/baseline/dispatches/gen/vmfb/dronet/spacemit_x60/RVV/dronet.q.int8/benchmarks/vmfb/module_dronet$async_dispatch_19_embedded_elf_riscv_64_benchmark.vmfb,32495,32770,32802,32935,165,275,69,32770,32802,32935,32,133,440
